type,artist,album,date,name,id,duration,popularity,url,venue,city,min_price,max_price,avg_price,days_to_event,hype_score,sellout_risk,category,tour_type,tags,summary,vibe
track,Drake,$ome $exy $ongs 4 U,2025-02-14,CN TOWER,4u43I0LP2Xf85OAS85eG0R,241889.0,72.0,https://open.spotify.com/track/4u43I0LP2Xf85OAS85eG0R,,,,,,,,,,,,,
track,Drake,$ome $exy $ongs 4 U,2025-02-14,MOTH BALLS,7DL2F2bueQycqYjqsjHYjG,212629.0,68.0,https://open.spotify.com/track/7DL2F2bueQycqYjqsjHYjG,,,,,,,,,,,,,
track,Drake,$ome $exy $ongs 4 U,2025-02-14,SOMETHING ABOUT YOU,1F6nHHDJyTHLgDDFj1ZZDt,218682.0,74.0,https://open.spotify.com/track/1F6nHHDJyTHLgDDFj1ZZDt,,,,,,,,,,,,,
track,Drake,$ome $exy $ongs 4 U,2025-02-14,CRYING IN CHANEL,5aIEFCKhVUM5sKkwOSdFiM,199602.0,65.0,https://open.spotify.com/track/5aIEFCKhVUM5sKkwOSdFiM,,,,,,,,,,,,,
track,Drake,$ome $exy $ongs 4 U,2025-02-14,SPIDER-MAN SUPERMAN,4GqhG9rDuRUoNyDSMJ0Brq,203893.0,69.0,https://open.spotify.com/track/4GqhG9rDuRUoNyDSMJ0Brq,,,,,,,,,,,,,
track,Drake,$ome $exy $ongs 4 U,2025-02-14,DEEPER,4JeD0FGslDsMeeahEGZa2L,172337.0,70.0,https://open.spotify.com/track/4JeD0FGslDsMeeahEGZa2L,,,,,,,,,,,,,
track,Drake,$ome $exy $ongs 4 U,2025-02-14,SMALL TOWN FAME,1YHQQFtKqFSFrqL4cNvstU,148509.0,67.0,https://open.spotify.com/track/1YHQQFtKqFSFrqL4cNvstU,,,,,,,,,,,,,
track,Drake,$ome $exy $ongs 4 U,2025-02-14,PIMMIE'S DILEMMA,3CY3zAjrxKVInh2Lq1QiRb,118153.0,66.0,https://open.spotify.com/track/3CY3zAjrxKVInh2Lq1QiRb,,,,,,,,,,,,,
track,Drake,$ome $exy $ongs 4 U,2025-02-14,BRIAN STEEL,3FHO87BSOEVAsedSnCTnvz,111406.0,64.0,https://open.spotify.com/track/3FHO87BSOEVAsedSnCTnvz,,,,,,,,,,,,,
track,Drake,$ome $exy $ongs 4 U,2025-02-14,GIMME A HUG,5Nz7hI3cCOHmMR4vSLJ1An,193054.0,72.0,https://open.spotify.com/track/5Nz7hI3cCOHmMR4vSLJ1An,,,,,,,,,,,,,
track,Drake,$ome $exy $ongs 4 U,2025-02-14,RAINING IN HOUSTON,2xxb5zW09uwbgyLprALi9E,244931.0,68.0,https://open.spotify.com/track/2xxb5zW09uwbgyLprALi9E,,,,,,,,,,,,,
track,Drake,$ome $exy $ongs 4 U,2025-02-14,LASERS,2vjFTjmvpFjFM01cNdG2ik,198692.0,64.0,https://open.spotify.com/track/2vjFTjmvpFjFM01cNdG2ik,,,,,,,,,,,,,
track,Drake,$ome $exy $ongs 4 U,2025-02-14,MEET YOUR PADRE,0o5p5zzRN84q6qVbOVONPM,271058.0,62.0,https://open.spotify.com/track/0o5p5zzRN84q6qVbOVONPM,,,,,,,,,,,,,
track,Drake,$ome $exy $ongs 4 U,2025-02-14,NOKIA,2u9S9JJ6hTZS3Vf22HOZKg,241023.0,86.0,https://open.spotify.com/track/2u9S9JJ6hTZS3Vf22HOZKg,,,,,,,,,,,,,
track,Drake,$ome $exy $ongs 4 U,2025-02-14,DIE TRYING,0NUqi0ps17YpLUC3kgsZq0,195431.0,83.0,https://open.spotify.com/track/0NUqi0ps17YpLUC3kgsZq0,,,,,,,,,,,,,
track,Drake,$ome $exy $ongs 4 U,2025-02-14,SOMEBODY LOVES ME,2kZoOj1n5vk9BuF0sih58M,182767.0,80.0,https://open.spotify.com/track/2kZoOj1n5vk9BuF0sih58M,,,,,,,,,,,,,
track,Drake,$ome $exy $ongs 4 U,2025-02-14,CELIBACY,578CwfxpfH2HxlENOCHc2n,235620.0,64.0,https://open.spotify.com/track/578CwfxpfH2HxlENOCHc2n,,,,,,,,,,,,,
track,Drake,$ome $exy $ongs 4 U,2025-02-14,OMW,775a936b2Vzl3fw86FaVat,233030.0,65.0,https://open.spotify.com/track/775a936b2Vzl3fw86FaVat,,,,,,,,,,,,,
track,Drake,$ome $exy $ongs 4 U,2025-02-14,GLORIOUS,1mKNJs35ede94bTPWveVOo,205082.0,60.0,https://open.spotify.com/track/1mKNJs35ede94bTPWveVOo,,,,,,,,,,,,,
track,Drake,$ome $exy $ongs 4 U,2025-02-14,WHEN HE'S GONE,6mmPe3Y3SEtYb9HZsHTyrj,209836.0,67.0,https://open.spotify.com/track/6mmPe3Y3SEtYb9HZsHTyrj,,,,,,,,,,,,,
track,Drake,For All The Dogs Scary Hours Edition,2023-11-17,Virginia Beach,6YV2AI87l1n2fzqU8Dyo05,251094.0,56.0,https://open.spotify.com/track/6YV2AI87l1n2fzqU8Dyo05,,,,,,,,,,,,,
track,Drake,For All The Dogs Scary Hours Edition,2023-11-17,Amen (feat. Teezo Touchdown),59ZmQR4pwCaa5iM3veM7Cs,141212.0,48.0,https://open.spotify.com/track/59ZmQR4pwCaa5iM3veM7Cs,,,,,,,,,,,,,
track,Drake,For All The Dogs Scary Hours Edition,2023-11-17,Calling For You (feat. 21 Savage),2R30S0W4JCM9JaQWlpmeWn,285630.0,50.0,https://open.spotify.com/track/2R30S0W4JCM9JaQWlpmeWn,,,,,,,,,,,,,
track,Drake,For All The Dogs Scary Hours Edition,2023-11-17,Fear Of Heights,6LFW4dEsLeiGluniXRgVYr,155154.0,49.0,https://open.spotify.com/track/6LFW4dEsLeiGluniXRgVYr,,,,,,,,,,,,,
track,Drake,For All The Dogs Scary Hours Edition,2023-11-17,Daylight,1us5wNgZc0YLT8RQQs2Q7L,164142.0,48.0,https://open.spotify.com/track/1us5wNgZc0YLT8RQQs2Q7L,,,,,,,,,,,,,
track,Drake,For All The Dogs Scary Hours Edition,2023-11-17,First Person Shooter (feat. J. Cole),6xIsHPRHdbzU6UMVFn4wh8,247444.0,51.0,https://open.spotify.com/track/6xIsHPRHdbzU6UMVFn4wh8,,,,,,,,,,,,,
track,Drake,For All The Dogs Scary Hours Edition,2023-11-17,IDGAF (feat. Yeat),2uvBprdlMpzeN5Bq0PzMBI,260111.0,51.0,https://open.spotify.com/track/2uvBprdlMpzeN5Bq0PzMBI,,,,,,,,,,,,,
track,Drake,For All The Dogs Scary Hours Edition,2023-11-17,7969 Santa,0pdMOh52apEWAS1xELJY7Q,259846.0,51.0,https://open.spotify.com/track/0pdMOh52apEWAS1xELJY7Q,,,,,,,,,,,,,
track,Drake,For All The Dogs Scary Hours Edition,2023-11-17,Slime You Out (feat. SZA),4gQBXN2GBRpemMuxg5y3h9,310490.0,51.0,https://open.spotify.com/track/4gQBXN2GBRpemMuxg5y3h9,,,,,,,,,,,,,
track,Drake,For All The Dogs Scary Hours Edition,2023-11-17,Bahamas Promises,3nHat22UwPywIevUrXIhy1,184089.0,51.0,https://open.spotify.com/track/3nHat22UwPywIevUrXIhy1,,,,,,,,,,,,,
track,Drake,For All The Dogs Scary Hours Edition,2023-11-17,Tried Our Best,5BTu8L170anjdgSohdBkkv,209990.0,53.0,https://open.spotify.com/track/5BTu8L170anjdgSohdBkkv,,,,,,,,,,,,,
track,Drake,For All The Dogs Scary Hours Edition,2023-11-17,Screw The World - Interlude,71VKjJjn76sn5Tt8X8Ay8c,112093.0,42.0,https://open.spotify.com/track/71VKjJjn76sn5Tt8X8Ay8c,,,,,,,,,,,,,
track,Drake,For All The Dogs Scary Hours Edition,2023-11-17,Drew A Picasso,7jKNxYzPFGDWEemcRVebLb,262768.0,51.0,https://open.spotify.com/track/7jKNxYzPFGDWEemcRVebLb,,,,,,,,,,,,,
track,Drake,For All The Dogs Scary Hours Edition,2023-11-17,Members Only (feat. PARTYNEXTDOOR),7uHF03xE84sQ5PicRNH3yu,277720.0,50.0,https://open.spotify.com/track/7uHF03xE84sQ5PicRNH3yu,,,,,,,,,,,,,
track,Drake,For All The Dogs Scary Hours Edition,2023-11-17,What Would Pluto Do,4e0uZkMYa8e8HJ5TEUN417,182998.0,49.0,https://open.spotify.com/track/4e0uZkMYa8e8HJ5TEUN417,,,,,,,,,,,,,
track,Drake,For All The Dogs Scary Hours Edition,2023-11-17,All The Parties (feat. Chief Keef),04BF53Rb6LOpDUJG518IqS,218611.0,48.0,https://open.spotify.com/track/04BF53Rb6LOpDUJG518IqS,,,,,,,,,,,,,
track,Drake,For All The Dogs Scary Hours Edition,2023-11-17,8am in Charlotte,1dKXBUKx7oCB2UXlkihNn8,266847.0,51.0,https://open.spotify.com/track/1dKXBUKx7oCB2UXlkihNn8,,,,,,,,,,,,,
track,Drake,For All The Dogs Scary Hours Edition,2023-11-17,BBL Love - Interlude,4bF4MxTGnNj8dTW0LZmAx5,161363.0,46.0,https://open.spotify.com/track/4bF4MxTGnNj8dTW0LZmAx5,,,,,,,,,,,,,
track,Drake,For All The Dogs Scary Hours Edition,2023-11-17,Gently (feat. Bad Bunny),3BE3IYsAhqkTiRIR7T7x7M,133694.0,47.0,https://open.spotify.com/track/3BE3IYsAhqkTiRIR7T7x7M,,,,,,,,,,,,,
track,Drake,For All The Dogs Scary Hours Edition,2023-11-17,Rich Baby Daddy (feat. Sexyy Red & SZA),2DSy4HfDQoBsPPcRSoeM16,319191.0,51.0,https://open.spotify.com/track/2DSy4HfDQoBsPPcRSoeM16,,,,,,,,,,,,,
track,Drake,For All The Dogs,2023-10-06,Virginia Beach,3eP13S8D5m2cweMEg3ZDed,251094.0,75.0,https://open.spotify.com/track/3eP13S8D5m2cweMEg3ZDed,,,,,,,,,,,,,
track,Drake,For All The Dogs,2023-10-06,Amen (feat. Teezo Touchdown),0Mrnt1YqVuW2bqmwu4VxDt,141212.0,58.0,https://open.spotify.com/track/0Mrnt1YqVuW2bqmwu4VxDt,,,,,,,,,,,,,
track,Drake,For All The Dogs,2023-10-06,Calling For You (feat. 21 Savage),2nibvvDdAQkVraYP00z2RS,285630.0,61.0,https://open.spotify.com/track/2nibvvDdAQkVraYP00z2RS,,,,,,,,,,,,,
track,Drake,For All The Dogs,2023-10-06,Fear Of Heights,53KaP77tkliz36LPxWGlWK,155154.0,61.0,https://open.spotify.com/track/53KaP77tkliz36LPxWGlWK,,,,,,,,,,,,,
track,Drake,For All The Dogs,2023-10-06,Daylight,4ZT0wGKwlJRjpMUuwZVy3p,164142.0,61.0,https://open.spotify.com/track/4ZT0wGKwlJRjpMUuwZVy3p,,,,,,,,,,,,,
track,Drake,For All The Dogs,2023-10-06,First Person Shooter (feat. J. Cole),7aqfrAY2p9BUSiupwk3svU,247444.0,72.0,https://open.spotify.com/track/7aqfrAY2p9BUSiupwk3svU,,,,,,,,,,,,,
track,Drake,For All The Dogs,2023-10-06,IDGAF (feat. Yeat),2YSzYUF3jWqb9YP9VXmpjE,260111.0,75.0,https://open.spotify.com/track/2YSzYUF3jWqb9YP9VXmpjE,,,,,,,,,,,,,
track,Drake,For All The Dogs,2023-10-06,7969 Santa,1GpWY5RiInhezB8wGWs6oN,259846.0,62.0,https://open.spotify.com/track/1GpWY5RiInhezB8wGWs6oN,,,,,,,,,,,,,
track,Drake,For All The Dogs,2023-10-06,Slime You Out (feat. SZA),0AYt6NMyyLd0rLuvr0UkMH,310490.0,66.0,https://open.spotify.com/track/0AYt6NMyyLd0rLuvr0UkMH,,,,,,,,,,,,,
track,Drake,For All The Dogs,2023-10-06,Bahamas Promises,3JZjcKImHcmOI9ylL4zrSc,184089.0,67.0,https://open.spotify.com/track/3JZjcKImHcmOI9ylL4zrSc,,,,,,,,,,,,,
track,Drake,For All The Dogs,2023-10-06,Tried Our Best,3IHt4j5uAEl7iBu8Utn985,209990.0,71.0,https://open.spotify.com/track/3IHt4j5uAEl7iBu8Utn985,,,,,,,,,,,,,
track,Drake,For All The Dogs,2023-10-06,Screw The World - Interlude,0ArVfVP8B5svkfj8clHNzB,112093.0,49.0,https://open.spotify.com/track/0ArVfVP8B5svkfj8clHNzB,,,,,,,,,,,,,
track,Drake,For All The Dogs,2023-10-06,Drew A Picasso,03rwnftfgpYVO6QDWOZcG6,262768.0,67.0,https://open.spotify.com/track/03rwnftfgpYVO6QDWOZcG6,,,,,,,,,,,,,
track,Drake,For All The Dogs,2023-10-06,Members Only (feat. PARTYNEXTDOOR),24FUBxaAYSBlWsbSnEzDcn,277720.0,67.0,https://open.spotify.com/track/24FUBxaAYSBlWsbSnEzDcn,,,,,,,,,,,,,
track,Drake,For All The Dogs,2023-10-06,What Would Pluto Do,1DAibqbopEYULPEtE8WHTE,182998.0,64.0,https://open.spotify.com/track/1DAibqbopEYULPEtE8WHTE,,,,,,,,,,,,,
track,Drake,For All The Dogs,2023-10-06,All The Parties (feat. Chief Keef),1PIgY9ybyFT9uWLM5POYGY,218611.0,62.0,https://open.spotify.com/track/1PIgY9ybyFT9uWLM5POYGY,,,,,,,,,,,,,
track,Drake,For All The Dogs,2023-10-06,8am in Charlotte,0w3Mfe4PIVjuFjJbe3OlYv,266847.0,69.0,https://open.spotify.com/track/0w3Mfe4PIVjuFjJbe3OlYv,,,,,,,,,,,,,
track,Drake,For All The Dogs,2023-10-06,BBL Love - Interlude,1mjAD7IYvI5UGiB7WnppMf,161363.0,55.0,https://open.spotify.com/track/1mjAD7IYvI5UGiB7WnppMf,,,,,,,,,,,,,
track,Drake,For All The Dogs,2023-10-06,Gently (feat. Bad Bunny),6ZprqcYFC6D9eIZaCoqrSn,133694.0,66.0,https://open.spotify.com/track/6ZprqcYFC6D9eIZaCoqrSn,,,,,,,,,,,,,
track,Drake,For All The Dogs,2023-10-06,Rich Baby Daddy (feat. Sexyy Red & SZA),1yeB8MUNeLo9Ek1UEpsyz6,319191.0,78.0,https://open.spotify.com/track/1yeB8MUNeLo9Ek1UEpsyz6,,,,,,,,,,,,,
track,Drake,Her Loss,2022-11-04,Rich Flex,1bDbXMyjaUIooNwFE9wn0N,239359.0,75.0,https://open.spotify.com/track/1bDbXMyjaUIooNwFE9wn0N,,,,,,,,,,,,,
track,Drake,Her Loss,2022-11-04,Major Distribution,46s57QULU02Voy0Kup6UEb,170501.0,65.0,https://open.spotify.com/track/46s57QULU02Voy0Kup6UEb,,,,,,,,,,,,,
track,Drake,Her Loss,2022-11-04,On BS,34tz0eDhGuFErIuW3q4mPX,261543.0,69.0,https://open.spotify.com/track/34tz0eDhGuFErIuW3q4mPX,,,,,,,,,,,,,
track,Drake,Her Loss,2022-11-04,BackOutsideBoyz,0wshkEEcJUQU33RSRBb5dv,152961.0,62.0,https://open.spotify.com/track/0wshkEEcJUQU33RSRBb5dv,,,,,,,,,,,,,
track,Drake,Her Loss,2022-11-04,Privileged Rappers,7l2nxyx7IkBX5orhkALg0V,160821.0,68.0,https://open.spotify.com/track/7l2nxyx7IkBX5orhkALg0V,,,,,,,,,,,,,
track,Drake,Her Loss,2022-11-04,Spin Bout U,2ZL7WZcjuYKi1KUDtp4kCC,214588.0,74.0,https://open.spotify.com/track/2ZL7WZcjuYKi1KUDtp4kCC,,,,,,,,,,,,,
track,Drake,Her Loss,2022-11-04,Hours In Silence,0sSRLXxknVTQDStgU1NqpY,399153.0,74.0,https://open.spotify.com/track/0sSRLXxknVTQDStgU1NqpY,,,,,,,,,,,,,
track,Drake,Her Loss,2022-11-04,Treacherous Twins,4Flfb4fGscN9kXPOduQLrv,180098.0,61.0,https://open.spotify.com/track/4Flfb4fGscN9kXPOduQLrv,,,,,,,,,,,,,
track,Drake,Her Loss,2022-11-04,Circo Loco,7GeTsDIc5ykNB6lORO6Cee,236795.0,68.0,https://open.spotify.com/track/7GeTsDIc5ykNB6lORO6Cee,,,,,,,,,,,,,
track,Drake,Her Loss,2022-11-04,Pussy & Millions (feat. Travis Scott),2KLwPaRDOB87XOYAT2fgxh,242026.0,69.0,https://open.spotify.com/track/2KLwPaRDOB87XOYAT2fgxh,,,,,,,,,,,,,
track,Drake,Her Loss,2022-11-04,Broke Boys,45pUWUeEWGoSdH6UF162G8,225439.0,65.0,https://open.spotify.com/track/45pUWUeEWGoSdH6UF162G8,,,,,,,,,,,,,
track,Drake,Her Loss,2022-11-04,Middle of the Ocean,410TZrK18uRjtsTunG14cl,356389.0,63.0,https://open.spotify.com/track/410TZrK18uRjtsTunG14cl,,,,,,,,,,,,,
track,Drake,Her Loss,2022-11-04,Jumbotron Shit Poppin,2ZlABhxMMa43COmZ97kKsJ,137151.0,66.0,https://open.spotify.com/track/2ZlABhxMMa43COmZ97kKsJ,,,,,,,,,,,,,
track,Drake,Her Loss,2022-11-04,More M’s,29YW2xXlo6Pc6M0SBTCXYN,221406.0,61.0,https://open.spotify.com/track/29YW2xXlo6Pc6M0SBTCXYN,,,,,,,,,,,,,
track,Drake,Her Loss,2022-11-04,3AM on Glenwood,1MTXYvJ9TSqg9x6WPCDx2n,178328.0,55.0,https://open.spotify.com/track/1MTXYvJ9TSqg9x6WPCDx2n,,,,,,,,,,,,,
track,Drake,Her Loss,2022-11-04,I Guess It’s Fuck Me,31bsuKDOzFGzBAoXxtnAJm,263987.0,64.0,https://open.spotify.com/track/31bsuKDOzFGzBAoXxtnAJm,,,,,,,,,,,,,
track,Drake,"Honestly, Nevermind",2022-06-17,Intro,1kNdtonJXHorsVpWerK8C2,36935.0,54.0,https://open.spotify.com/track/1kNdtonJXHorsVpWerK8C2,,,,,,,,,,,,,
track,Drake,"Honestly, Nevermind",2022-06-17,Falling Back,1vbn9fEyw1IYhqgZJdu9ZB,266178.0,61.0,https://open.spotify.com/track/1vbn9fEyw1IYhqgZJdu9ZB,,,,,,,,,,,,,
track,Drake,"Honestly, Nevermind",2022-06-17,Texts Go Green,4FIgHqXd4KkOwxrGeLDYM2,308820.0,62.0,https://open.spotify.com/track/4FIgHqXd4KkOwxrGeLDYM2,,,,,,,,,,,,,
track,Drake,"Honestly, Nevermind",2022-06-17,Currents,1eCFz60zd7mAXgWLapPd9B,157390.0,59.0,https://open.spotify.com/track/1eCFz60zd7mAXgWLapPd9B,,,,,,,,,,,,,
track,Drake,"Honestly, Nevermind",2022-06-17,A Keeper,0nAZGkBGKQCXyaoSJfRhC1,173097.0,68.0,https://open.spotify.com/track/0nAZGkBGKQCXyaoSJfRhC1,,,,,,,,,,,,,
track,Drake,"Honestly, Nevermind",2022-06-17,Calling My Name,7sT7kZEYd1MrmzLLIRVZas,129964.0,59.0,https://open.spotify.com/track/7sT7kZEYd1MrmzLLIRVZas,,,,,,,,,,,,,
track,Drake,"Honestly, Nevermind",2022-06-17,Sticky,4rmVZajAF7PkrCagGPHbqa,243227.0,70.0,https://open.spotify.com/track/4rmVZajAF7PkrCagGPHbqa,,,,,,,,,,,,,
track,Drake,"Honestly, Nevermind",2022-06-17,Massive,28JBD8p18xNuOfyV7Cotdn,336924.0,71.0,https://open.spotify.com/track/28JBD8p18xNuOfyV7Cotdn,,,,,,,,,,,,,
track,Drake,"Honestly, Nevermind",2022-06-17,Flight's Booked,6Yj7Zhxt73uvwFFvzQXdxO,254407.0,70.0,https://open.spotify.com/track/6Yj7Zhxt73uvwFFvzQXdxO,,,,,,,,,,,,,
track,Drake,"Honestly, Nevermind",2022-06-17,Overdrive,7hRlTK3mgFTBEjX7DjqBsI,202451.0,59.0,https://open.spotify.com/track/7hRlTK3mgFTBEjX7DjqBsI,,,,,,,,,,,,,
track,Drake,"Honestly, Nevermind",2022-06-17,Down Hill,3N3d4OWbPVxTQVBFqNyykk,250864.0,54.0,https://open.spotify.com/track/3N3d4OWbPVxTQVBFqNyykk,,,,,,,,,,,,,
track,Drake,"Honestly, Nevermind",2022-06-17,Tie That Binds,1XsRwo2it6QHdV2OiT6IzF,336005.0,57.0,https://open.spotify.com/track/1XsRwo2it6QHdV2OiT6IzF,,,,,,,,,,,,,
track,Drake,"Honestly, Nevermind",2022-06-17,Liability,2vy9Ry1TNjCD85TiCbTz0r,237932.0,60.0,https://open.spotify.com/track/2vy9Ry1TNjCD85TiCbTz0r,,,,,,,,,,,,,
track,Drake,"Honestly, Nevermind",2022-06-17,Jimmy Cooks (feat. 21 Savage),3F5CgOj3wFlRv51JsHbxhe,218364.0,80.0,https://open.spotify.com/track/3F5CgOj3wFlRv51JsHbxhe,,,,,,,,,,,,,
track,Drake,Certified Lover Boy,2021-09-03,Champagne Poetry,2HSmyk2qMN8WQjuGhaQgCk,336511.0,71.0,https://open.spotify.com/track/2HSmyk2qMN8WQjuGhaQgCk,,,,,,,,,,,,,
track,Drake,Certified Lover Boy,2021-09-03,Papi’s Home,6jy9yJfgCsMHdu2Oz4BGKX,178623.0,63.0,https://open.spotify.com/track/6jy9yJfgCsMHdu2Oz4BGKX,,,,,,,,,,,,,
track,Drake,Certified Lover Boy,2021-09-03,Girls Want Girls (with Lil Baby),37Nqx7iavZpotJSDXZWbJ3,221979.0,77.0,https://open.spotify.com/track/37Nqx7iavZpotJSDXZWbJ3,,,,,,,,,,,,,
track,Drake,Certified Lover Boy,2021-09-03,In The Bible (with Lil Durk & Giveon),61S79KIVA4I9FXbnsylEHT,296568.0,64.0,https://open.spotify.com/track/61S79KIVA4I9FXbnsylEHT,,,,,,,,,,,,,
track,Drake,Certified Lover Boy,2021-09-03,Love All (with JAY-Z),4VCbgIdr8ptegWeJpqLVHH,228461.0,70.0,https://open.spotify.com/track/4VCbgIdr8ptegWeJpqLVHH,,,,,,,,,,,,,
track,Drake,Certified Lover Boy,2021-09-03,Fair Trade (with Travis Scott),40iJIUlhi6renaREYGeIDS,291175.0,79.0,https://open.spotify.com/track/40iJIUlhi6renaREYGeIDS,,,,,,,,,,,,,
track,Drake,Certified Lover Boy,2021-09-03,Way 2 Sexy (with Future & Young Thug),0k1WUmIRnG3xU6fvvDVfRG,257604.0,73.0,https://open.spotify.com/track/0k1WUmIRnG3xU6fvvDVfRG,,,,,,,,,,,,,
track,Drake,Certified Lover Boy,2021-09-03,TSU,4s7QLoImIwmPi9L6dq1nVW,308755.0,74.0,https://open.spotify.com/track/4s7QLoImIwmPi9L6dq1nVW,,,,,,,,,,,,,
track,Drake,Certified Lover Boy,2021-09-03,N 2 Deep,34D6FJysnQioVingDKufuf,273577.0,67.0,https://open.spotify.com/track/34D6FJysnQioVingDKufuf,,,,,,,,,,,,,
track,Drake,Certified Lover Boy,2021-09-03,Pipe Down,11pEKMLmavDu8fxOB5QjbQ,205721.0,75.0,https://open.spotify.com/track/11pEKMLmavDu8fxOB5QjbQ,,,,,,,,,,,,,
track,Drake,Certified Lover Boy,2021-09-03,Yebba’s Heartbreak,1PDP7mLiAMwhfmgIwzhOm2,133762.0,79.0,https://open.spotify.com/track/1PDP7mLiAMwhfmgIwzhOm2,,,,,,,,,,,,,
track,Drake,Certified Lover Boy,2021-09-03,No Friends In The Industry,2tUL6dZf1mywCj5WvCPZw6,204346.0,69.0,https://open.spotify.com/track/2tUL6dZf1mywCj5WvCPZw6,,,,,,,,,,,,,
track,Drake,Certified Lover Boy,2021-09-03,Knife Talk (with 21 Savage ft. Project Pat),2BcMwX1MPV6ZHP4tUT9uq6,242965.0,74.0,https://open.spotify.com/track/2BcMwX1MPV6ZHP4tUT9uq6,,,,,,,,,,,,,
track,Drake,Certified Lover Boy,2021-09-03,7am On Bridle Path,42m3eP1JJhtzffal9B136J,239635.0,61.0,https://open.spotify.com/track/42m3eP1JJhtzffal9B136J,,,,,,,,,,,,,
track,Drake,Certified Lover Boy,2021-09-03,Race My Mind,2Q3jFbyE61mCjS3SkW4toJ,269883.0,70.0,https://open.spotify.com/track/2Q3jFbyE61mCjS3SkW4toJ,,,,,,,,,,,,,
track,Drake,Certified Lover Boy,2021-09-03,Fountains (with Tems),08XWh5c0BMyD1nKVxxl91z,192417.0,71.0,https://open.spotify.com/track/08XWh5c0BMyD1nKVxxl91z,,,,,,,,,,,,,
track,Drake,Certified Lover Boy,2021-09-03,Get Along Better,5ScbulRnixQ2XAdvrPMFjz,229303.0,70.0,https://open.spotify.com/track/5ScbulRnixQ2XAdvrPMFjz,,,,,,,,,,,,,
track,Drake,Certified Lover Boy,2021-09-03,You Only Live Twice (with Lil Wayne & Rick Ross),50ceCGZ3oD3U5caQV5bP6f,213103.0,64.0,https://open.spotify.com/track/50ceCGZ3oD3U5caQV5bP6f,,,,,,,,,,,,,
track,Drake,Certified Lover Boy,2021-09-03,IMY2 (with Kid Cudi),7F9cT6hIRhnFCYP6GKS0tf,252378.0,64.0,https://open.spotify.com/track/7F9cT6hIRhnFCYP6GKS0tf,,,,,,,,,,,,,
track,Drake,Certified Lover Boy,2021-09-03,F*****g Fans,3RkNXZvOSMMElmmXztDc94,245131.0,65.0,https://open.spotify.com/track/3RkNXZvOSMMElmmXztDc94,,,,,,,,,,,,,
track,Drake,Dark Lane Demo Tapes,2020-05-01,Deep Pockets,3IvMYBE7A3c7to1aEcfFJk,222928.0,55.0,https://open.spotify.com/track/3IvMYBE7A3c7to1aEcfFJk,,,,,,,,,,,,,
track,Drake,Dark Lane Demo Tapes,2020-05-01,When To Say When,5TCBWmEBrin7etRa4Lswr1,223124.0,57.0,https://open.spotify.com/track/5TCBWmEBrin7etRa4Lswr1,,,,,,,,,,,,,
track,Drake,Dark Lane Demo Tapes,2020-05-01,Chicago Freestyle (feat. Giveon),4wVOKKEHUJxHCFFNUWDn0B,220487.0,77.0,https://open.spotify.com/track/4wVOKKEHUJxHCFFNUWDn0B,,,,,,,,,,,,,
track,Drake,Dark Lane Demo Tapes,2020-05-01,Not You Too (feat. Chris Brown),3Q4gttWQ6hxqWOa3tHoTNi,269680.0,82.0,https://open.spotify.com/track/3Q4gttWQ6hxqWOa3tHoTNi,,,,,,,,,,,,,
track,Drake,Dark Lane Demo Tapes,2020-05-01,Toosie Slide,466cKvZn1j45IpxDdYZqdA,247058.0,69.0,https://open.spotify.com/track/466cKvZn1j45IpxDdYZqdA,,,,,,,,,,,,,
track,Drake,Dark Lane Demo Tapes,2020-05-01,Desires (with Future),7eYAHC0RbBF9eaqWzT34Aq,237945.0,66.0,https://open.spotify.com/track/7eYAHC0RbBF9eaqWzT34Aq,,,,,,,,,,,,,
track,Drake,Dark Lane Demo Tapes,2020-05-01,Time Flies,5H4mXWKcicuLKDn4Jy0sK7,192931.0,73.0,https://open.spotify.com/track/5H4mXWKcicuLKDn4Jy0sK7,,,,,,,,,,,,,
track,Drake,Dark Lane Demo Tapes,2020-05-01,Landed,3KixNgUEaDtrKJVzdqjU5q,152195.0,57.0,https://open.spotify.com/track/3KixNgUEaDtrKJVzdqjU5q,,,,,,,,,,,,,
track,Drake,Dark Lane Demo Tapes,2020-05-01,D4L,5fHrHoJKfCgBd35zwIBmUK,189176.0,57.0,https://open.spotify.com/track/5fHrHoJKfCgBd35zwIBmUK,,,,,,,,,,,,,
track,Drake,Dark Lane Demo Tapes,2020-05-01,Pain 1993 (with Playboi Carti),6Kj17Afjo1OKJYpf5VzCeo,149077.0,72.0,https://open.spotify.com/track/6Kj17Afjo1OKJYpf5VzCeo,,,,,,,,,,,,,
track,Drake,Dark Lane Demo Tapes,2020-05-01,Losses,6fLVTVaHWaEfVKfEgbkf4D,271183.0,57.0,https://open.spotify.com/track/6fLVTVaHWaEfVKfEgbkf4D,,,,,,,,,,,,,
track,Drake,Dark Lane Demo Tapes,2020-05-01,From Florida With Love,0YkUwXxnTkeJBvt5upeEtP,234782.0,59.0,https://open.spotify.com/track/0YkUwXxnTkeJBvt5upeEtP,,,,,,,,,,,,,
track,Drake,Dark Lane Demo Tapes,2020-05-01,Demons (feat. Fivio Foreign & Sosa Geek),05aZ9sAU1YXndHv0FMi9iW,204805.0,55.0,https://open.spotify.com/track/05aZ9sAU1YXndHv0FMi9iW,,,,,,,,,,,,,
track,Drake,Dark Lane Demo Tapes,2020-05-01,War,1I55Ea0zVoSKs6MqW7DQ3i,180000.0,59.0,https://open.spotify.com/track/1I55Ea0zVoSKs6MqW7DQ3i,,,,,,,,,,,,,
track,Drake,Care Package,2019-08-02,Dreams Money Can Buy,1qyFlfPREPbRcS2BNszdYI,253803.0,57.0,https://open.spotify.com/track/1qyFlfPREPbRcS2BNszdYI,,,,,,,,,,,,,
track,Drake,Care Package,2019-08-02,The Motion,0Tacxc5lDJ8LwiO1pWNSl8,240956.0,63.0,https://open.spotify.com/track/0Tacxc5lDJ8LwiO1pWNSl8,,,,,,,,,,,,,
track,Drake,Care Package,2019-08-02,How Bout Now,4n4BflhWjCHIxrI4v7Xt9s,235566.0,64.0,https://open.spotify.com/track/4n4BflhWjCHIxrI4v7Xt9s,,,,,,,,,,,,,
track,Drake,Care Package,2019-08-02,Trust Issues,4Wjhj0WjkyECccfHVIgaTq,281518.0,78.0,https://open.spotify.com/track/4Wjhj0WjkyECccfHVIgaTq,,,,,,,,,,,,,
track,Drake,Care Package,2019-08-02,Days in The East,4czcw3NVLY0of5hTD7OufN,353697.0,58.0,https://open.spotify.com/track/4czcw3NVLY0of5hTD7OufN,,,,,,,,,,,,,
track,Drake,Care Package,2019-08-02,Draft Day,3W3FVHEDetkiRkkGKDmdir,266325.0,55.0,https://open.spotify.com/track/3W3FVHEDetkiRkkGKDmdir,,,,,,,,,,,,,
track,Drake,Care Package,2019-08-02,4pm in Calabasas,6C9SwoZ5OrxcvkntgA5t8s,240217.0,55.0,https://open.spotify.com/track/6C9SwoZ5OrxcvkntgA5t8s,,,,,,,,,,,,,
track,Drake,Care Package,2019-08-02,5 Am in Toronto,0FnxK9FEAQyPJ284QcieNb,205264.0,60.0,https://open.spotify.com/track/0FnxK9FEAQyPJ284QcieNb,,,,,,,,,,,,,
track,Drake,Care Package,2019-08-02,I Get Lonely,3sMC6vfTTSa0mMAPTwzDVD,253561.0,63.0,https://open.spotify.com/track/3sMC6vfTTSa0mMAPTwzDVD,,,,,,,,,,,,,
track,Drake,Care Package,2019-08-02,My Side,4alHkxxwAhvoGg3dJCATKV,294650.0,50.0,https://open.spotify.com/track/4alHkxxwAhvoGg3dJCATKV,,,,,,,,,,,,,
track,Drake,Care Package,2019-08-02,Jodeci Freestyle (feat. J. Cole),2xUHiyGeGrWmmfv7NbDTWC,254022.0,54.0,https://open.spotify.com/track/2xUHiyGeGrWmmfv7NbDTWC,,,,,,,,,,,,,
track,Drake,Care Package,2019-08-02,Club Paradise,6MR5IBSNfDmiwnrlQpVw4w,283816.0,68.0,https://open.spotify.com/track/6MR5IBSNfDmiwnrlQpVw4w,,,,,,,,,,,,,
track,Drake,Care Package,2019-08-02,Free Spirit (feat. Rick Ross),18t8ypY0HYaQuGBxg2KdT2,252884.0,56.0,https://open.spotify.com/track/18t8ypY0HYaQuGBxg2KdT2,,,,,,,,,,,,,
track,Drake,Care Package,2019-08-02,Heat Of The Moment,27Tqjd2nMW2mIp6Yk1ovwY,343455.0,49.0,https://open.spotify.com/track/27Tqjd2nMW2mIp6Yk1ovwY,,,,,,,,,,,,,
track,Drake,Care Package,2019-08-02,Girls Love Beyoncé (feat. James Fauntleroy),56NDFbD0tCUawnqeU2wcvv,225011.0,59.0,https://open.spotify.com/track/56NDFbD0tCUawnqeU2wcvv,,,,,,,,,,,,,
track,Drake,Care Package,2019-08-02,Paris Morton Music,73IE87H0g2MBmdn41lkVto,251239.0,63.0,https://open.spotify.com/track/73IE87H0g2MBmdn41lkVto,,,,,,,,,,,,,
track,Drake,Care Package,2019-08-02,Can I,3e0ZGE7Gp034iLknjQk4QW,189289.0,67.0,https://open.spotify.com/track/3e0ZGE7Gp034iLknjQk4QW,,,,,,,,,,,,,
track,Drake,Scorpion,2018-06-29,Survival,2yg9UN4eo5eMVJ7OB4RWj3,136186.0,58.0,https://open.spotify.com/track/2yg9UN4eo5eMVJ7OB4RWj3,,,,,,,,,,,,,
track,Drake,Scorpion,2018-06-29,Nonstop,0TlLq3lA83rQOYtrqBqSct,238614.0,76.0,https://open.spotify.com/track/0TlLq3lA83rQOYtrqBqSct,,,,,,,,,,,,,
track,Drake,Scorpion,2018-06-29,Elevate,3szf2z1Cy1QMrtHrbn8rz9,184960.0,59.0,https://open.spotify.com/track/3szf2z1Cy1QMrtHrbn8rz9,,,,,,,,,,,,,
track,Drake,Scorpion,2018-06-29,Emotionless,5Psnhdkyanjpgc2P8A5TSM,302173.0,66.0,https://open.spotify.com/track/5Psnhdkyanjpgc2P8A5TSM,,,,,,,,,,,,,
track,Drake,Scorpion,2018-06-29,God's Plan,6DCZcSspjsKoFjzjrWoCdn,198973.0,83.0,https://open.spotify.com/track/6DCZcSspjsKoFjzjrWoCdn,,,,,,,,,,,,,
track,Drake,Scorpion,2018-06-29,I'm Upset,3qN5qMTKyEEmiTZD38BNTT,214466.0,63.0,https://open.spotify.com/track/3qN5qMTKyEEmiTZD38BNTT,,,,,,,,,,,,,
track,Drake,Scorpion,2018-06-29,8 Out Of 10,0zqy3ss4CwD6u4QPksS0nI,195720.0,62.0,https://open.spotify.com/track/0zqy3ss4CwD6u4QPksS0nI,,,,,,,,,,,,,
track,Drake,Scorpion,2018-06-29,Mob Ties,7rC5Pl8rQSX4myONQHYPBK,205146.0,66.0,https://open.spotify.com/track/7rC5Pl8rQSX4myONQHYPBK,,,,,,,,,,,,,
track,Drake,Scorpion,2018-06-29,Can’t Take A Joke,1dUHF4RyMmMTveJ0Rby6Xm,163974.0,65.0,https://open.spotify.com/track/1dUHF4RyMmMTveJ0Rby6Xm,,,,,,,,,,,,,
track,Drake,Scorpion,2018-06-29,Sandra’s Rose,6cblRiEGDRNZgowcm951R3,216333.0,66.0,https://open.spotify.com/track/6cblRiEGDRNZgowcm951R3,,,,,,,,,,,,,
track,Drake,Scorpion,2018-06-29,Talk Up (feat. Jay-Z),4ksuI04WMvUnJbHQjgs3L5,223240.0,55.0,https://open.spotify.com/track/4ksuI04WMvUnJbHQjgs3L5,,,,,,,,,,,,,
track,Drake,Scorpion,2018-06-29,Is There More,1Tnw0ItH1Macok8gblnPPd,226906.0,54.0,https://open.spotify.com/track/1Tnw0ItH1Macok8gblnPPd,,,,,,,,,,,,,
track,Drake,Scorpion,2018-06-29,Peak,11L064movtyopGdLiX4sVg,206026.0,61.0,https://open.spotify.com/track/11L064movtyopGdLiX4sVg,,,,,,,,,,,,,
track,Drake,Scorpion,2018-06-29,Summer Games,4HG1YiGBseVKzjyKcmAJen,247893.0,65.0,https://open.spotify.com/track/4HG1YiGBseVKzjyKcmAJen,,,,,,,,,,,,,
track,Drake,Scorpion,2018-06-29,Jaded,4c2xt1trwYZpMqPWY35Xi9,262453.0,73.0,https://open.spotify.com/track/4c2xt1trwYZpMqPWY35Xi9,,,,,,,,,,,,,
track,Drake,Scorpion,2018-06-29,Nice For What,3CA9pLiwRIGtUBiMjbZmRw,210746.0,77.0,https://open.spotify.com/track/3CA9pLiwRIGtUBiMjbZmRw,,,,,,,,,,,,,
track,Drake,Scorpion,2018-06-29,Finesse,2WP8G2pdddDmnh1xbfKBOI,182080.0,74.0,https://open.spotify.com/track/2WP8G2pdddDmnh1xbfKBOI,,,,,,,,,,,,,
track,Drake,Scorpion,2018-06-29,Ratchet Happy Birthday,4SUwJA3eUVNHExxMPEUhQe,207306.0,50.0,https://open.spotify.com/track/4SUwJA3eUVNHExxMPEUhQe,,,,,,,,,,,,,
track,Drake,Scorpion,2018-06-29,That’s How You Feel,41a7dZcq30Ss5kPMayWRV0,157605.0,66.0,https://open.spotify.com/track/41a7dZcq30Ss5kPMayWRV0,,,,,,,,,,,,,
track,Drake,Scorpion,2018-06-29,Blue Tint,4n1bdaKwynQndm47x5HqWX,162800.0,59.0,https://open.spotify.com/track/4n1bdaKwynQndm47x5HqWX,,,,,,,,,,,,,
track,Drake,More Life,2017-03-18,Free Smoke,05KOgYg8PGeJyyWBPi5ja8,218673.0,60.0,https://open.spotify.com/track/05KOgYg8PGeJyyWBPi5ja8,,,,,,,,,,,,,
track,Drake,More Life,2017-03-18,No Long Talk,6CfrYuD3YRDYdYvH9jNtXY,149568.0,55.0,https://open.spotify.com/track/6CfrYuD3YRDYdYvH9jNtXY,,,,,,,,,,,,,
track,Drake,More Life,2017-03-18,Passionfruit,5mCPDVBb16L4XQwDdbRUpz,298940.0,85.0,https://open.spotify.com/track/5mCPDVBb16L4XQwDdbRUpz,,,,,,,,,,,,,
track,Drake,More Life,2017-03-18,Jorja Interlude,13e6f8t7RKXuxZ0JdaaJRG,107673.0,61.0,https://open.spotify.com/track/13e6f8t7RKXuxZ0JdaaJRG,,,,,,,,,,,,,
track,Drake,More Life,2017-03-18,Get It Together,7y6c07pgjZvtHI9kuMVqk1,250337.0,74.0,https://open.spotify.com/track/7y6c07pgjZvtHI9kuMVqk1,,,,,,,,,,,,,
track,Drake,More Life,2017-03-18,Madiba Riddim,76gUmNLXGQVOsGhfcshkFP,205162.0,62.0,https://open.spotify.com/track/76gUmNLXGQVOsGhfcshkFP,,,,,,,,,,,,,
track,Drake,More Life,2017-03-18,Blem,2XlHu0HcujBCkWMdIAvrqt,216557.0,62.0,https://open.spotify.com/track/2XlHu0HcujBCkWMdIAvrqt,,,,,,,,,,,,,
track,Drake,More Life,2017-03-18,4422,2fkeWbM6iqTw7oGHTYm2lw,186293.0,65.0,https://open.spotify.com/track/2fkeWbM6iqTw7oGHTYm2lw,,,,,,,,,,,,,
track,Drake,More Life,2017-03-18,Gyalchester,6UjfByV1lDLW0SOVQA4NAi,189229.0,67.0,https://open.spotify.com/track/6UjfByV1lDLW0SOVQA4NAi,,,,,,,,,,,,,
track,Drake,More Life,2017-03-18,Skepta Interlude,2dfqS3MRtbLZSZA1IL8xY5,143213.0,55.0,https://open.spotify.com/track/2dfqS3MRtbLZSZA1IL8xY5,,,,,,,,,,,,,
track,Drake,More Life,2017-03-18,Portland,2bjwRfXMk4uRgOD9IBYl9h,236614.0,68.0,https://open.spotify.com/track/2bjwRfXMk4uRgOD9IBYl9h,,,,,,,,,,,,,
track,Drake,More Life,2017-03-18,Sacrifices,0xl1w2q4VLojeXp4JfazPL,307593.0,58.0,https://open.spotify.com/track/0xl1w2q4VLojeXp4JfazPL,,,,,,,,,,,,,
track,Drake,More Life,2017-03-18,Nothings Into Somethings,6MbH1QiphMCPTqVEVC7UYi,153724.0,65.0,https://open.spotify.com/track/6MbH1QiphMCPTqVEVC7UYi,,,,,,,,,,,,,
track,Drake,More Life,2017-03-18,Teenage Fever,6n3HGiq4v35D6eFOSwqYuo,219692.0,81.0,https://open.spotify.com/track/6n3HGiq4v35D6eFOSwqYuo,,,,,,,,,,,,,
track,Drake,More Life,2017-03-18,KMT,2jTujnt0y344ai1rNOywgr,162637.0,59.0,https://open.spotify.com/track/2jTujnt0y344ai1rNOywgr,,,,,,,,,,,,,
track,Drake,More Life,2017-03-18,Lose You,2Na0z2gfN67Rzf0vp74Wi3,305373.0,65.0,https://open.spotify.com/track/2Na0z2gfN67Rzf0vp74Wi3,,,,,,,,,,,,,
track,Drake,More Life,2017-03-18,Can't Have Everything,5f5r2N4Lp9WoULWPH9zp2W,228437.0,58.0,https://open.spotify.com/track/5f5r2N4Lp9WoULWPH9zp2W,,,,,,,,,,,,,
track,Drake,More Life,2017-03-18,Glow,28irpKCCK9nn9DZSik2zEx,206119.0,53.0,https://open.spotify.com/track/28irpKCCK9nn9DZSik2zEx,,,,,,,,,,,,,
track,Drake,More Life,2017-03-18,Since Way Back,5JUu0unA8VwhTZ9LkMWUVI,368035.0,64.0,https://open.spotify.com/track/5JUu0unA8VwhTZ9LkMWUVI,,,,,,,,,,,,,
track,Drake,More Life,2017-03-18,Fake Love,343YBumqHu19cGoGARUTsd,210937.0,70.0,https://open.spotify.com/track/343YBumqHu19cGoGARUTsd,,,,,,,,,,,,,
track,Drake,Views,2016-05-06,Keep The Family Close,7sBwAWyXfiIgrYQ8BaJESH,328906.0,63.0,https://open.spotify.com/track/7sBwAWyXfiIgrYQ8BaJESH,,,,,,,,,,,,,
track,Drake,Views,2016-05-06,9,1C7KSXR2GVxknex6I4ANco,255786.0,81.0,https://open.spotify.com/track/1C7KSXR2GVxknex6I4ANco,,,,,,,,,,,,,
track,Drake,Views,2016-05-06,U With Me?,03L2AoiRbWhvt7BDMx1jUB,297373.0,65.0,https://open.spotify.com/track/03L2AoiRbWhvt7BDMx1jUB,,,,,,,,,,,,,
track,Drake,Views,2016-05-06,Feel No Ways,3cjF2OFRmip8spwZYQRKxP,240653.0,76.0,https://open.spotify.com/track/3cjF2OFRmip8spwZYQRKxP,,,,,,,,,,,,,
track,Drake,Views,2016-05-06,Hype,5NFYuqu8V6QXc6mzcLImd6,209413.0,59.0,https://open.spotify.com/track/5NFYuqu8V6QXc6mzcLImd6,,,,,,,,,,,,,
track,Drake,Views,2016-05-06,Weston Road Flows,4PA16FAl8LPmFmOhARawdV,253533.0,66.0,https://open.spotify.com/track/4PA16FAl8LPmFmOhARawdV,,,,,,,,,,,,,
track,Drake,Views,2016-05-06,Redemption,4cRBqWBjuccCowYVHFlXK6,333946.0,67.0,https://open.spotify.com/track/4cRBqWBjuccCowYVHFlXK6,,,,,,,,,,,,,
track,Drake,Views,2016-05-06,With You,3aJkV6DUTSCqOwVwaBDG9B,195053.0,62.0,https://open.spotify.com/track/3aJkV6DUTSCqOwVwaBDG9B,,,,,,,,,,,,,
track,Drake,Views,2016-05-06,Faithful,2qLcJOLrh6Djda4uLbldSA,290133.0,57.0,https://open.spotify.com/track/2qLcJOLrh6Djda4uLbldSA,,,,,,,,,,,,,
track,Drake,Views,2016-05-06,Still Here,433P7tDcIAi6NLnf4Sh6tI,189853.0,65.0,https://open.spotify.com/track/433P7tDcIAi6NLnf4Sh6tI,,,,,,,,,,,,,
track,Drake,Views,2016-05-06,Controlla,3O8NlPh2LByMU9lSRSHedm,245226.0,73.0,https://open.spotify.com/track/3O8NlPh2LByMU9lSRSHedm,,,,,,,,,,,,,
track,Drake,Views,2016-05-06,One Dance,1zi7xx7UVEFkmKfv06H8x0,173986.0,86.0,https://open.spotify.com/track/1zi7xx7UVEFkmKfv06H8x0,,,,,,,,,,,,,
track,Drake,Views,2016-05-06,Grammys,5e574bhjycX1eH2l4Auage,220426.0,58.0,https://open.spotify.com/track/5e574bhjycX1eH2l4Auage,,,,,,,,,,,,,
track,Drake,Views,2016-05-06,Childs Play,3NxAG2ni1lLa8RKL6a0INc,241400.0,67.0,https://open.spotify.com/track/3NxAG2ni1lLa8RKL6a0INc,,,,,,,,,,,,,
track,Drake,Views,2016-05-06,Pop Style,5mPSyjLatqB00IkPqRlbTE,212946.0,59.0,https://open.spotify.com/track/5mPSyjLatqB00IkPqRlbTE,,,,,,,,,,,,,
track,Drake,Views,2016-05-06,Too Good,3BtuIIrQlkujKPuWF2B85z,263373.0,73.0,https://open.spotify.com/track/3BtuIIrQlkujKPuWF2B85z,,,,,,,,,,,,,
track,Drake,Views,2016-05-06,Summers Over Interlude,3ppVO2tyWRRznNmONvt7Se,106333.0,72.0,https://open.spotify.com/track/3ppVO2tyWRRznNmONvt7Se,,,,,,,,,,,,,
track,Drake,Views,2016-05-06,Fire & Desire,4BhGTc3Cgay2U1QcTS7vQe,238120.0,73.0,https://open.spotify.com/track/4BhGTc3Cgay2U1QcTS7vQe,,,,,,,,,,,,,
track,Drake,Views,2016-05-06,Views,7MjSipTto9QljYzZnloXOn,311960.0,61.0,https://open.spotify.com/track/7MjSipTto9QljYzZnloXOn,,,,,,,,,,,,,
track,Drake,Views,2016-05-06,Hotline Bling,0wwPcA6wtMf6HUMpIRdeP7,267066.0,80.0,https://open.spotify.com/track/0wwPcA6wtMf6HUMpIRdeP7,,,,,,,,,,,,,
track,Drake,What A Time To Be Alive,2015-09-20,Digital Dash,0GR7iJLhj80KD5LkA14ZRn,231231.0,65.0,https://open.spotify.com/track/0GR7iJLhj80KD5LkA14ZRn,,,,,,,,,,,,,
track,Drake,What A Time To Be Alive,2015-09-20,Big Rings,7jslhIiELQkgW9IHeYNOWE,217706.0,56.0,https://open.spotify.com/track/7jslhIiELQkgW9IHeYNOWE,,,,,,,,,,,,,
track,Drake,What A Time To Be Alive,2015-09-20,Live From The Gutter,2uTG00P1DkhB97pdITkl2O,211642.0,59.0,https://open.spotify.com/track/2uTG00P1DkhB97pdITkl2O,,,,,,,,,,,,,
track,Drake,What A Time To Be Alive,2015-09-20,Diamonds Dancing,2AGottAzfC8bHzF7kEJ3Wa,314631.0,60.0,https://open.spotify.com/track/2AGottAzfC8bHzF7kEJ3Wa,,,,,,,,,,,,,
track,Drake,What A Time To Be Alive,2015-09-20,Scholarships,0B5OTb36fzLayn6XQHg5A1,209287.0,62.0,https://open.spotify.com/track/0B5OTb36fzLayn6XQHg5A1,,,,,,,,,,,,,
track,Drake,What A Time To Be Alive,2015-09-20,Plastic Bag,76kyKtPLsFbQkdQ86QrkF4,202084.0,58.0,https://open.spotify.com/track/76kyKtPLsFbQkdQ86QrkF4,,,,,,,,,,,,,
track,Drake,What A Time To Be Alive,2015-09-20,I'm The Plug,6bqtKURdSWkInAJHDkuaL0,180000.0,56.0,https://open.spotify.com/track/6bqtKURdSWkInAJHDkuaL0,,,,,,,,,,,,,
track,Drake,What A Time To Be Alive,2015-09-20,Change Locations,4gowy3WT6D1yhMLgRBlf9C,220862.0,58.0,https://open.spotify.com/track/4gowy3WT6D1yhMLgRBlf9C,,,,,,,,,,,,,
track,Drake,What A Time To Be Alive,2015-09-20,Jumpman,27GmP9AWRs744SzKcpJsTZ,205879.0,69.0,https://open.spotify.com/track/27GmP9AWRs744SzKcpJsTZ,,,,,,,,,,,,,
track,Drake,What A Time To Be Alive,2015-09-20,Jersey,2ACys0pX0SjmpQmQWzp7wt,188702.0,66.0,https://open.spotify.com/track/2ACys0pX0SjmpQmQWzp7wt,,,,,,,,,,,,,
track,Drake,What A Time To Be Alive,2015-09-20,30 for 30 Freestyle,1DmnEYXa4WfbdhAPwNzgD8,253934.0,57.0,https://open.spotify.com/track/1DmnEYXa4WfbdhAPwNzgD8,,,,,,,,,,,,,
track,Drake,If You're Reading This It's Too Late,2015-02-12,Legend,1ID1QFSNNxi0hiZCNcwjUC,241853.0,62.0,https://open.spotify.com/track/1ID1QFSNNxi0hiZCNcwjUC,,,,,,,,,,,,,
track,Drake,If You're Reading This It's Too Late,2015-02-12,Energy,79XrkTOfV1AqySNjVlygpW,181933.0,70.0,https://open.spotify.com/track/79XrkTOfV1AqySNjVlygpW,,,,,,,,,,,,,
track,Drake,If You're Reading This It's Too Late,2015-02-12,10 Bands,12d5QFwzh60IIHlsSnAvps,177733.0,61.0,https://open.spotify.com/track/12d5QFwzh60IIHlsSnAvps,,,,,,,,,,,,,
track,Drake,If You're Reading This It's Too Late,2015-02-12,Know Yourself,5InOp6q2vvx0fShv3bzFLZ,275840.0,67.0,https://open.spotify.com/track/5InOp6q2vvx0fShv3bzFLZ,,,,,,,,,,,,,
track,Drake,If You're Reading This It's Too Late,2015-02-12,No Tellin',2durxb17bXcmQJHSt8JAdO,310933.0,58.0,https://open.spotify.com/track/2durxb17bXcmQJHSt8JAdO,,,,,,,,,,,,,
track,Drake,If You're Reading This It's Too Late,2015-02-12,Madonna,4v7SAP4KD96BFLWiCd1vF0,177840.0,56.0,https://open.spotify.com/track/4v7SAP4KD96BFLWiCd1vF0,,,,,,,,,,,,,
track,Drake,If You're Reading This It's Too Late,2015-02-12,6 God,3a8tAZFJxlmBwOtrf5L1oC,180666.0,61.0,https://open.spotify.com/track/3a8tAZFJxlmBwOtrf5L1oC,,,,,,,,,,,,,
track,Drake,If You're Reading This It's Too Late,2015-02-12,Star67,2mmUoyPxzbxehpfm1TpTRK,294973.0,64.0,https://open.spotify.com/track/2mmUoyPxzbxehpfm1TpTRK,,,,,,,,,,,,,
track,Drake,If You're Reading This It's Too Late,2015-02-12,Preach,1OHoBC4icbuNhpSxP400sv,236973.0,69.0,https://open.spotify.com/track/1OHoBC4icbuNhpSxP400sv,,,,,,,,,,,,,
track,Drake,If You're Reading This It's Too Late,2015-02-12,Wednesday Night Interlude,6oLHyWvmk6bKrA91EIYZBp,212280.0,62.0,https://open.spotify.com/track/6oLHyWvmk6bKrA91EIYZBp,,,,,,,,,,,,,
track,Drake,If You're Reading This It's Too Late,2015-02-12,Used To,63p3Slj0shAFP0Q7dQetj5,268480.0,57.0,https://open.spotify.com/track/63p3Slj0shAFP0Q7dQetj5,,,,,,,,,,,,,
track,Drake,If You're Reading This It's Too Late,2015-02-12,6 Man,4kdfjhj9xNkYU0R8xlDy8k,167653.0,58.0,https://open.spotify.com/track/4kdfjhj9xNkYU0R8xlDy8k,,,,,,,,,,,,,
track,Drake,If You're Reading This It's Too Late,2015-02-12,Now & Forever,4zLOwx1yRJXWkHKt1XzF1p,281320.0,65.0,https://open.spotify.com/track/4zLOwx1yRJXWkHKt1XzF1p,,,,,,,,,,,,,
track,Drake,If You're Reading This It's Too Late,2015-02-12,Company,6ImxYXeLDQPIv4qo7bMhSk,252640.0,63.0,https://open.spotify.com/track/6ImxYXeLDQPIv4qo7bMhSk,,,,,,,,,,,,,
track,Drake,If You're Reading This It's Too Late,2015-02-12,You & The 6,2YaDRtIlQiZ5WDDB2YuEOC,264906.0,60.0,https://open.spotify.com/track/2YaDRtIlQiZ5WDDB2YuEOC,,,,,,,,,,,,,
track,Drake,If You're Reading This It's Too Late,2015-02-12,Jungle,7JXZq0JgG2zTrSOAgY8VMC,320400.0,74.0,https://open.spotify.com/track/7JXZq0JgG2zTrSOAgY8VMC,,,,,,,,,,,,,
track,Drake,If You're Reading This It's Too Late,2015-02-12,6PM In New York,5mZJwWdxAOR4xUvSGZvvMU,283306.0,61.0,https://open.spotify.com/track/5mZJwWdxAOR4xUvSGZvvMU,,,,,,,,,,,,,
track,Drake,Nothing Was The Same (Deluxe),2013-01-01,Tuscan Leather,4MOy68Xuz84lkfu1NQH6Bg,366400.0,49.0,https://open.spotify.com/track/4MOy68Xuz84lkfu1NQH6Bg,,,,,,,,,,,,,
track,Drake,Nothing Was The Same (Deluxe),2013-01-01,Furthest Thing,6E1ILfm6wNkA6kautk3mQP,267373.0,51.0,https://open.spotify.com/track/6E1ILfm6wNkA6kautk3mQP,,,,,,,,,,,,,
track,Drake,Nothing Was The Same (Deluxe),2013-01-01,Started From the Bottom,5bm0CcD5R9Nj04QbMvwugt,174133.0,47.0,https://open.spotify.com/track/5bm0CcD5R9Nj04QbMvwugt,,,,,,,,,,,,,
track,Drake,Nothing Was The Same (Deluxe),2013-01-01,Wu-Tang Forever,7J8g9TwJYxmO0Xy3L916er,217680.0,48.0,https://open.spotify.com/track/7J8g9TwJYxmO0Xy3L916er,,,,,,,,,,,,,
track,Drake,Nothing Was The Same (Deluxe),2013-01-01,Own It,1dHUNRY8eVXvSo6kvyFyNx,251973.0,46.0,https://open.spotify.com/track/1dHUNRY8eVXvSo6kvyFyNx,,,,,,,,,,,,,
track,Drake,Nothing Was The Same (Deluxe),2013-01-01,Worst Behavior,0MmqaSn9dzP5GHxZ933V4l,270186.0,46.0,https://open.spotify.com/track/0MmqaSn9dzP5GHxZ933V4l,,,,,,,,,,,,,
track,Drake,Nothing Was The Same (Deluxe),2013-01-01,From Time,5eCRkTcecpAXVWtS11GP5C,322160.0,53.0,https://open.spotify.com/track/5eCRkTcecpAXVWtS11GP5C,,,,,,,,,,,,,
track,Drake,Nothing Was The Same (Deluxe),2013-01-01,"Hold On, We're Going Home",6GCsFtfTR4R9Y0ECkFJhNr,227880.0,55.0,https://open.spotify.com/track/6GCsFtfTR4R9Y0ECkFJhNr,,,,,,,,,,,,,
track,Drake,Nothing Was The Same (Deluxe),2013-01-01,Connect,4AUo4CPTghr09esofcujq2,296413.0,45.0,https://open.spotify.com/track/4AUo4CPTghr09esofcujq2,,,,,,,,,,,,,
track,Drake,Nothing Was The Same (Deluxe),2013-01-01,The Language,4yQqhoEeRcsMfr7tqEea7f,224013.0,46.0,https://open.spotify.com/track/4yQqhoEeRcsMfr7tqEea7f,,,,,,,,,,,,,
track,Drake,Nothing Was The Same (Deluxe),2013-01-01,305 To My City,7wbClNblLd3hkosmuYAdN9,255853.0,42.0,https://open.spotify.com/track/7wbClNblLd3hkosmuYAdN9,,,,,,,,,,,,,
track,Drake,Nothing Was The Same (Deluxe),2013-01-01,Too Much,4XKBoqWQjPdNM4t0znWu7E,261853.0,48.0,https://open.spotify.com/track/4XKBoqWQjPdNM4t0znWu7E,,,,,,,,,,,,,
track,Drake,Nothing Was The Same (Deluxe),2013-01-01,Pound Cake / Paris Morton Music 2,7EAI848gzAJpFsEmk6Wi3c,433800.0,50.0,https://open.spotify.com/track/7EAI848gzAJpFsEmk6Wi3c,,,,,,,,,,,,,
track,Drake,Nothing Was The Same (Deluxe),2013-01-01,Come Thru,3eN46sMTppXYMAyWi37wn1,236360.0,66.0,https://open.spotify.com/track/3eN46sMTppXYMAyWi37wn1,,,,,,,,,,,,,
track,Drake,Nothing Was The Same (Deluxe),2013-01-01,All Me,7y911sqgHGHcyU4ivapjwi,270866.0,64.0,https://open.spotify.com/track/7y911sqgHGHcyU4ivapjwi,,,,,,,,,,,,,
track,Drake,Nothing Was The Same,2013-01-01,Tuscan Leather,3rE5PBReux0vbrIqbWFLnt,366400.0,56.0,https://open.spotify.com/track/3rE5PBReux0vbrIqbWFLnt,,,,,,,,,,,,,
track,Drake,Nothing Was The Same,2013-01-01,Furthest Thing,7EdJ8z6IBotTjO50DfzzuV,267373.0,62.0,https://open.spotify.com/track/7EdJ8z6IBotTjO50DfzzuV,,,,,,,,,,,,,
track,Drake,Nothing Was The Same,2013-01-01,Started From the Bottom,5DI9jxTHrEiFAhStG7VA8E,174133.0,63.0,https://open.spotify.com/track/5DI9jxTHrEiFAhStG7VA8E,,,,,,,,,,,,,
track,Drake,Nothing Was The Same,2013-01-01,Wu-Tang Forever,5LAKjqbB5uurPpxFEicd9S,217680.0,57.0,https://open.spotify.com/track/5LAKjqbB5uurPpxFEicd9S,,,,,,,,,,,,,
track,Drake,Nothing Was The Same,2013-01-01,Own It,7pjJBo6DULg6YK66PA8v7r,251973.0,56.0,https://open.spotify.com/track/7pjJBo6DULg6YK66PA8v7r,,,,,,,,,,,,,
track,Drake,Nothing Was The Same,2013-01-01,Worst Behavior,48RN2EOOyG2Gs5Pyla7ZJj,270186.0,55.0,https://open.spotify.com/track/48RN2EOOyG2Gs5Pyla7ZJj,,,,,,,,,,,,,
track,Drake,Nothing Was The Same,2013-01-01,From Time,0GaBIpyHvytM1UBYmqXu08,322160.0,67.0,https://open.spotify.com/track/0GaBIpyHvytM1UBYmqXu08,,,,,,,,,,,,,
track,Drake,Nothing Was The Same,2013-01-01,"Hold On, We're Going Home",2aSC2xhRxOLiiZZVjhbylH,227880.0,73.0,https://open.spotify.com/track/2aSC2xhRxOLiiZZVjhbylH,,,,,,,,,,,,,
track,Drake,Nothing Was The Same,2013-01-01,Connect,4K3BhUMfBHZuUfeC3kbhrQ,296413.0,52.0,https://open.spotify.com/track/4K3BhUMfBHZuUfeC3kbhrQ,,,,,,,,,,,,,
track,Drake,Nothing Was The Same,2013-01-01,The Language,3IQgeOgdHIag6mu0mgKRgQ,224013.0,53.0,https://open.spotify.com/track/3IQgeOgdHIag6mu0mgKRgQ,,,,,,,,,,,,,
track,Drake,Nothing Was The Same,2013-01-01,305 To My City,5ThJAPtuOCTV8owZUop495,255853.0,45.0,https://open.spotify.com/track/5ThJAPtuOCTV8owZUop495,,,,,,,,,,,,,
track,Drake,Nothing Was The Same,2013-01-01,Too Much,6UgxOrbHWJeqHvh0ost7Aa,261853.0,61.0,https://open.spotify.com/track/6UgxOrbHWJeqHvh0ost7Aa,,,,,,,,,,,,,
track,Drake,Nothing Was The Same,2013-01-01,Pound Cake / Paris Morton Music 2,4NVNapccSX7E5JLiW0uQEy,432853.0,60.0,https://open.spotify.com/track/4NVNapccSX7E5JLiW0uQEy,,,,,,,,,,,,,
track,Drake,Take Care (Deluxe),2011-11-15,Over My Dead Body,2Gnsof1hvZzjE1xdLRpjtf,272573.0,76.0,https://open.spotify.com/track/2Gnsof1hvZzjE1xdLRpjtf,,,,,,,,,,,,,
track,Drake,Take Care (Deluxe),2011-11-15,Shot For Me,6Z01gUquJsjJC67uNWm6P0,224720.0,73.0,https://open.spotify.com/track/6Z01gUquJsjJC67uNWm6P0,,,,,,,,,,,,,
track,Drake,Take Care (Deluxe),2011-11-15,Headlines,6LxSe8YmdPxy095Ux6znaQ,235986.0,85.0,https://open.spotify.com/track/6LxSe8YmdPxy095Ux6znaQ,,,,,,,,,,,,,
track,Drake,Take Care (Deluxe),2011-11-15,Crew Love,0V4l4GQhgnWQGtCWpvA7va,208813.0,71.0,https://open.spotify.com/track/0V4l4GQhgnWQGtCWpvA7va,,,,,,,,,,,,,
track,Drake,Take Care (Deluxe),2011-11-15,Take Care,124NFj84ppZ5pAxTuVQYCQ,277386.0,76.0,https://open.spotify.com/track/124NFj84ppZ5pAxTuVQYCQ,,,,,,,,,,,,,
track,Drake,Take Care (Deluxe),2011-11-15,Marvins Room,047fCsbO4NdmwCBn8pcUXl,347226.0,77.0,https://open.spotify.com/track/047fCsbO4NdmwCBn8pcUXl,,,,,,,,,,,,,
track,Drake,Take Care (Deluxe),2011-11-15,Buried Alive Interlude,1ZyudLFv35SRvY5SvTZqJx,150960.0,60.0,https://open.spotify.com/track/1ZyudLFv35SRvY5SvTZqJx,,,,,,,,,,,,,
track,Drake,Take Care (Deluxe),2011-11-15,Under Ground Kings,1D9XLqQp2YYiOxrr5KLb8K,212613.0,64.0,https://open.spotify.com/track/1D9XLqQp2YYiOxrr5KLb8K,,,,,,,,,,,,,
track,Drake,Take Care (Deluxe),2011-11-15,We'll Be Fine,7udsBKuqnJ5csWTAkR0vEI,247946.0,60.0,https://open.spotify.com/track/7udsBKuqnJ5csWTAkR0vEI,,,,,,,,,,,,,
track,Drake,Take Care (Deluxe),2011-11-15,Make Me Proud,7yfg0Eer6UZZt5tZ1XdsWz,219893.0,67.0,https://open.spotify.com/track/7yfg0Eer6UZZt5tZ1XdsWz,,,,,,,,,,,,,
track,Drake,Take Care (Deluxe),2011-11-15,Lord Knows,1QBwk6GTCxVdC2hoSw9tlM,307640.0,65.0,https://open.spotify.com/track/1QBwk6GTCxVdC2hoSw9tlM,,,,,,,,,,,,,
track,Drake,Take Care (Deluxe),2011-11-15,Cameras / Good Ones Go Interlude - Medley,2FbGlEPAjNhWvrVvlentVq,434960.0,74.0,https://open.spotify.com/track/2FbGlEPAjNhWvrVvlentVq,,,,,,,,,,,,,
track,Drake,Take Care (Deluxe),2011-11-15,Doing It Wrong,4eSGSqP2TZvvX0kadZZttM,265120.0,73.0,https://open.spotify.com/track/4eSGSqP2TZvvX0kadZZttM,,,,,,,,,,,,,
track,Drake,Take Care (Deluxe),2011-11-15,The Real Her,74atKkOasLOVzvqB6mYgga,321080.0,63.0,https://open.spotify.com/track/74atKkOasLOVzvqB6mYgga,,,,,,,,,,,,,
track,Drake,Take Care (Deluxe),2011-11-15,Look What You've Done,7t1lBIr3WIEtqQEOdZFMUf,301960.0,72.0,https://open.spotify.com/track/7t1lBIr3WIEtqQEOdZFMUf,,,,,,,,,,,,,
track,Drake,Take Care (Deluxe),2011-11-15,HYFR (Hell Ya Fucking Right),0m1KYWlT6LhFRBDVq9UNx4,206626.0,72.0,https://open.spotify.com/track/0m1KYWlT6LhFRBDVq9UNx4,,,,,,,,,,,,,
track,Drake,Take Care (Deluxe),2011-11-15,Practice,0jF2AdhsalO1L7KkhK4LE5,237733.0,77.0,https://open.spotify.com/track/0jF2AdhsalO1L7KkhK4LE5,,,,,,,,,,,,,
track,Drake,Take Care (Deluxe),2011-11-15,The Ride,4xRxYWgAtL6pzRz94GlZlA,351000.0,64.0,https://open.spotify.com/track/4xRxYWgAtL6pzRz94GlZlA,,,,,,,,,,,,,
track,Drake,Take Care (Deluxe),2011-11-15,The Motto,4Kz4RdRCceaA9VgTqBhBfa,181573.0,74.0,https://open.spotify.com/track/4Kz4RdRCceaA9VgTqBhBfa,,,,,,,,,,,,,
track,Drake,Thank Me Later,2010-01-01,Fireworks,73tgFzBug5Ifk1Retdtwk7,313280.0,63.0,https://open.spotify.com/track/73tgFzBug5Ifk1Retdtwk7,,,,,,,,,,,,,
track,Drake,Thank Me Later,2010-01-01,Karaoke,5bDEA48Dxyxoc3K4Dt7yRE,227960.0,52.0,https://open.spotify.com/track/5bDEA48Dxyxoc3K4Dt7yRE,,,,,,,,,,,,,
track,Drake,Thank Me Later,2010-01-01,The Resistance,0llA0pYA6GpGk7fTjew0wO,225360.0,68.0,https://open.spotify.com/track/0llA0pYA6GpGk7fTjew0wO,,,,,,,,,,,,,
track,Drake,Thank Me Later,2010-01-01,Over,6BdgtqiV3oXNqBikezwdvC,233560.0,69.0,https://open.spotify.com/track/6BdgtqiV3oXNqBikezwdvC,,,,,,,,,,,,,
track,Drake,Thank Me Later,2010-01-01,Show Me A Good Time,7v0hKO3RYhEXt2EPXf4AOS,210360.0,57.0,https://open.spotify.com/track/7v0hKO3RYhEXt2EPXf4AOS,,,,,,,,,,,,,
track,Drake,Thank Me Later,2010-01-01,Up All Night,75L0qdzRnhwV62UXoNq3pE,234333.0,65.0,https://open.spotify.com/track/75L0qdzRnhwV62UXoNq3pE,,,,,,,,,,,,,
track,Drake,Thank Me Later,2010-01-01,Fancy,3fpTMuD1u3gJlVI4FadVHs,319386.0,73.0,https://open.spotify.com/track/3fpTMuD1u3gJlVI4FadVHs,,,,,,,,,,,,,
track,Drake,Thank Me Later,2010-01-01,Shut It Down,3d8PDk3B4am5c6TsUCznUW,419306.0,63.0,https://open.spotify.com/track/3d8PDk3B4am5c6TsUCznUW,,,,,,,,,,,,,
track,Drake,Thank Me Later,2010-01-01,Unforgettable,5LZ0ZCRXrklIpnzn4Tcyde,213813.0,64.0,https://open.spotify.com/track/5LZ0ZCRXrklIpnzn4Tcyde,,,,,,,,,,,,,
track,Drake,Thank Me Later,2010-01-01,Light Up,0PWQqF5PvqRq0OPLSH0FKI,274146.0,51.0,https://open.spotify.com/track/0PWQqF5PvqRq0OPLSH0FKI,,,,,,,,,,,,,
track,Drake,Thank Me Later,2010-01-01,Miss Me,1U4mweNwisxNj23ffuC9gO,305520.0,61.0,https://open.spotify.com/track/1U4mweNwisxNj23ffuC9gO,,,,,,,,,,,,,
track,Drake,Thank Me Later,2010-01-01,Cece's Interlude,2G7QCDuRM7rTj0pX21e0xk,154120.0,65.0,https://open.spotify.com/track/2G7QCDuRM7rTj0pX21e0xk,,,,,,,,,,,,,
track,Drake,Thank Me Later,2010-01-01,Find Your Love,4BycRneKmOs6MhYG9THsuX,208946.0,66.0,https://open.spotify.com/track/4BycRneKmOs6MhYG9THsuX,,,,,,,,,,,,,
track,Drake,Thank Me Later,2010-01-01,Thank Me Now,3cBUv0RIoEyAm2b7qimEY6,328573.0,49.0,https://open.spotify.com/track/3cBUv0RIoEyAm2b7qimEY6,,,,,,,,,,,,,
track,Drake,So Far Gone,2009,Lust For Life,1v24T2ug4TlssYZvI3aL4O,176179.0,56.0,https://open.spotify.com/track/1v24T2ug4TlssYZvI3aL4O,,,,,,,,,,,,,
track,Drake,So Far Gone,2009,Houstatlantavegas,3XLSlQLJf3Ut0zvMUxnF1h,290791.0,66.0,https://open.spotify.com/track/3XLSlQLJf3Ut0zvMUxnF1h,,,,,,,,,,,,,
track,Drake,So Far Gone,2009,Successful (feat. Trey Songz & Lil Wayne),6NwhtCYkfwWlcR62Ac4E7y,375050.0,59.0,https://open.spotify.com/track/6NwhtCYkfwWlcR62Ac4E7y,,,,,,,,,,,,,
track,Drake,So Far Gone,2009,Let’s Call It Off (feat. Peter Bjorn and John),4FDSPGncHRpr6yB8DD4CtI,234175.0,58.0,https://open.spotify.com/track/4FDSPGncHRpr6yB8DD4CtI,,,,,,,,,,,,,
track,Drake,So Far Gone,2009,November 18th,0JaVdpmiex2EP7bBzyKVTa,188189.0,59.0,https://open.spotify.com/track/0JaVdpmiex2EP7bBzyKVTa,,,,,,,,,,,,,
track,Drake,So Far Gone,2009,Ignant Shit (feat. Lil Wayne),2hcohLIysMxofYziluXCoX,302492.0,54.0,https://open.spotify.com/track/2hcohLIysMxofYziluXCoX,,,,,,,,,,,,,
track,Drake,So Far Gone,2009,A Night Off (feat. Lloyd),3lkkkYc1wBj5l3FVlpqvP6,193962.0,57.0,https://open.spotify.com/track/3lkkkYc1wBj5l3FVlpqvP6,,,,,,,,,,,,,
track,Drake,So Far Gone,2009,Say What's Real,7mPoCVGP752A5DtHf1SKkM,230717.0,54.0,https://open.spotify.com/track/7mPoCVGP752A5DtHf1SKkM,,,,,,,,,,,,,
track,Drake,So Far Gone,2009,Little Bit (feat. Lykke Li),524wvipGqxPKYWxkjf9y46,230484.0,70.0,https://open.spotify.com/track/524wvipGqxPKYWxkjf9y46,,,,,,,,,,,,,
track,Drake,So Far Gone,2009,Best I Ever Had,3QLjDkgLh9AOEHlhQtDuhs,257690.0,77.0,https://open.spotify.com/track/3QLjDkgLh9AOEHlhQtDuhs,,,,,,,,,,,,,
track,Drake,So Far Gone,2009,Unstoppable (feat. Santigold & Lil Wayne),2TWSilrWcTrgVKcP8kfEfg,209957.0,45.0,https://open.spotify.com/track/2TWSilrWcTrgVKcP8kfEfg,,,,,,,,,,,,,
track,Drake,So Far Gone,2009,Uptown (feat. Bun B & Lil Wayne),0q7LGcVSpsIoSbjChtZ8lI,382262.0,59.0,https://open.spotify.com/track/0q7LGcVSpsIoSbjChtZ8lI,,,,,,,,,,,,,
track,Drake,So Far Gone,2009,Sooner Than Later,43iKgGbmfqPLh3mxUlospI,262046.0,57.0,https://open.spotify.com/track/43iKgGbmfqPLh3mxUlospI,,,,,,,,,,,,,
track,Drake,So Far Gone,2009,Bria's Interlude (feat. Omarion),4i3GraNMzBKze1WsVl38DS,139574.0,66.0,https://open.spotify.com/track/4i3GraNMzBKze1WsVl38DS,,,,,,,,,,,,,
track,Drake,So Far Gone,2009,The Calm,6MlGqWzDiLkZ0vmAEsisEk,243723.0,50.0,https://open.spotify.com/track/6MlGqWzDiLkZ0vmAEsisEk,,,,,,,,,,,,,
track,Drake,So Far Gone,2009,Outro (feat. Chilly Gonzales),6hHKFReuQR9VQp39ev43wY,174398.0,42.0,https://open.spotify.com/track/6hHKFReuQR9VQp39ev43wY,,,,,,,,,,,,,
track,Drake,So Far Gone,2009,Brand New,4XTXamS1g4g93jPxyuFJJ6,213492.0,56.0,https://open.spotify.com/track/4XTXamS1g4g93jPxyuFJJ6,,,,,,,,,,,,,
track,Drake,So Far Gone,2009,Congratulations,3SnXwQUrvSacFziUYXTNKY,332529.0,48.0,https://open.spotify.com/track/3SnXwQUrvSacFziUYXTNKY,,,,,,,,,,,,,
,Drake,,2025-09-20T20:00,"Tickets for Drake White, Reid Haughton | TicketWeb - Ventura Theater in Ventura, US",,,,https://www.ticketweb.com/event/drake-white-reid-haughton-ventura-theater-tickets/13824534,Ventura Theater,Ventura,41.62,41.62,41.62,1.0,23.7,🟢 Low,Intimate Venue,Special Event,"pop, hip-hop, rap, live performance",Drake headlines a special concert at the historic Ventura Th,Intimate
,Drake,,2025-09-24T20:00,"Tickets for Drake Bell | TicketWeb - The Token Lounge in WESTLAND, US",,,,https://www.ticketweb.com/event/drake-bell-the-token-lounge-tickets/13941764,The Token Lounge,WESTLAND,34.68,34.68,34.68,5.0,22.3,🟢 Low,Intimate Venue,Special Event,"pop, singer-songwriter, live-music",An intimate live concert performance by singer-songwriter Dr,Intimate
,Drake,,2025-11-01T20:00,"Tickets for Drake Milligan w/ Collin Nash | TicketWeb - FIVE in Jacksonville, US",,,,https://www.ticketweb.com/event/drake-milligan-w-collin-nash-five-tickets/14382993,FIVE,Jacksonville,34.48,34.48,34.48,43.0,9.7,🟢 Low,Intimate Venue,Special Event,"country, emerging artist, live music",Drake Milligan performs a live country music concert with sp,Intimate
,Drake,,2025-11-21T20:00,"Tickets for Drake Milligan | TicketWeb - Grizzly Rose in Denver, US",,,,https://www.ticketweb.com/event/drake-milligan-grizzly-rose-tickets/14297713,Grizzly Rose,Denver,26.72,26.72,26.72,63.0,4.0,🟢 Low,Intimate Venue,Special Event,"country, live music, emerging artist",Drake Milligan performs a live country music concert at the ,Intimate
,Drake,,2025-11-22T20:00,"Tickets for Drake Milligan | TicketWeb - Whiskey Rose in Colorado Springs, US",,,,https://www.ticketweb.com/event/drake-milligan-whiskey-rose-tickets/14297733,Whiskey Rose,Colorado Springs,24.15,24.15,24.15,64.0,4.0,🟢 Low,Intimate Venue,Special Event,"country, emerging artist, live music",An intimate live concert performance by country artist Drake,Intimate
,Drake,,2025-12-11T20:00,"Tickets for Drake White | TicketWeb - Soul Kitchen in Mobile, US",,,,https://www.ticketweb.com/event/drake-white-soul-kitchen-tickets/13865754,Soul Kitchen,Mobile,36.36,36.36,36.36,83.0,4.0,🟢 Low,Intimate Venue,Special Event,"sold-out, vip",Drake performs a special live concert at the intimate Soul K,Intimate
