type,artist,album,date,name,id,duration,popularity,url,venue,city,min_price,max_price,days_to_event,hype_score,sellout_risk,description
track,Taylor swift,THE TORTURED POETS DEPARTMENT: THE ANTHOLOGY,2024-04-19,Fortnight (feat. Post Malone),6dODwocEuGzHAavXqTbwHv,228965.0,72.0,https://open.spotify.com/track/6dODwocEuGzHAavXqTbwHv,,,,,,,,
track,Taylor swift,THE TORTURED POETS DEPARTMENT: THE ANTHOLOGY,2024-04-19,The Tortured Poets Department,4PdLaGZubp4lghChqp8erB,293048.0,70.0,https://open.spotify.com/track/4PdLaGZubp4lghChqp8erB,,,,,,,,
track,Taylor swift,THE TORTURED POETS DEPARTMENT: THE ANTHOLOGY,2024-04-19,My Boy Only Breaks His Favorite Toys,7uGYWMwRy24dm7RUDDhUlD,203801.0,72.0,https://open.spotify.com/track/7uGYWMwRy24dm7RUDDhUlD,,,,,,,,
track,Taylor swift,THE TORTURED POETS DEPARTMENT: THE ANTHOLOGY,2024-04-19,Down Bad,1kbEbBdEgQdQeLXCJh28pJ,261228.0,72.0,https://open.spotify.com/track/1kbEbBdEgQdQeLXCJh28pJ,,,,,,,,
track,Taylor swift,THE TORTURED POETS DEPARTMENT: THE ANTHOLOGY,2024-04-19,"So Long, London",7wAkQFShJ27V8362MqevQr,262974.0,72.0,https://open.spotify.com/track/7wAkQFShJ27V8362MqevQr,,,,,,,,
track,Taylor swift,THE TORTURED POETS DEPARTMENT: THE ANTHOLOGY,2024-04-19,But Daddy I Love Him,4QMgEffJQuKtjCNvqfRZ0m,340428.0,71.0,https://open.spotify.com/track/4QMgEffJQuKtjCNvqfRZ0m,,,,,,,,
track,Taylor swift,THE TORTURED POETS DEPARTMENT: THE ANTHOLOGY,2024-04-19,Fresh Out The Slammer,7IWcDWOfiooH5hRs9XOVYz,210789.0,70.0,https://open.spotify.com/track/7IWcDWOfiooH5hRs9XOVYz,,,,,,,,
track,Taylor swift,THE TORTURED POETS DEPARTMENT: THE ANTHOLOGY,2024-04-19,Florida!!! (feat. Florence + The Machine),5ExOm0dh4NyRyAdSAO9hyM,215463.0,70.0,https://open.spotify.com/track/5ExOm0dh4NyRyAdSAO9hyM,,,,,,,,
track,Taylor swift,THE TORTURED POETS DEPARTMENT: THE ANTHOLOGY,2024-04-19,Guilty as Sin?,799KrpEbhZp0MHeiA8YK9P,254365.0,75.0,https://open.spotify.com/track/799KrpEbhZp0MHeiA8YK9P,,,,,,,,
track,Taylor swift,THE TORTURED POETS DEPARTMENT: THE ANTHOLOGY,2024-04-19,Who’s Afraid of Little Old Me?,2d8UxVNhJinc8uat9PoM9y,334084.0,71.0,https://open.spotify.com/track/2d8UxVNhJinc8uat9PoM9y,,,,,,,,
track,Taylor swift,THE TORTURED POETS DEPARTMENT: THE ANTHOLOGY,2024-04-19,I Can Fix Him (No Really I Can),5chnRTB9qMK3W1M41SnU9s,156297.0,67.0,https://open.spotify.com/track/5chnRTB9qMK3W1M41SnU9s,,,,,,,,
track,Taylor swift,THE TORTURED POETS DEPARTMENT: THE ANTHOLOGY,2024-04-19,loml,3YkNIrAvbKNrrwwEd7NVLl,277156.0,75.0,https://open.spotify.com/track/3YkNIrAvbKNrrwwEd7NVLl,,,,,,,,
track,Taylor swift,THE TORTURED POETS DEPARTMENT: THE ANTHOLOGY,2024-04-19,I Can Do It With a Broken Heart,2fPvQfGQEZOKtJ9qXeL4x8,218004.0,72.0,https://open.spotify.com/track/2fPvQfGQEZOKtJ9qXeL4x8,,,,,,,,
track,Taylor swift,THE TORTURED POETS DEPARTMENT: THE ANTHOLOGY,2024-04-19,The Smallest Man Who Ever Lived,1xtw1krCR6Dw2KwkXw5z63,245541.0,72.0,https://open.spotify.com/track/1xtw1krCR6Dw2KwkXw5z63,,,,,,,,
track,Taylor swift,THE TORTURED POETS DEPARTMENT: THE ANTHOLOGY,2024-04-19,The Alchemy,1tuNqJOtRQVHvONR8Lg3MZ,196900.0,71.0,https://open.spotify.com/track/1tuNqJOtRQVHvONR8Lg3MZ,,,,,,,,
track,Taylor swift,THE TORTURED POETS DEPARTMENT: THE ANTHOLOGY,2024-04-19,Clara Bow,4d9PtIEVij9jW5OaLinH66,216662.0,67.0,https://open.spotify.com/track/4d9PtIEVij9jW5OaLinH66,,,,,,,,
track,Taylor swift,THE TORTURED POETS DEPARTMENT: THE ANTHOLOGY,2024-04-19,The Black Dog,62E2nR0od0M5HYxuYLaDz7,238857.0,72.0,https://open.spotify.com/track/62E2nR0od0M5HYxuYLaDz7,,,,,,,,
track,Taylor swift,THE TORTURED POETS DEPARTMENT: THE ANTHOLOGY,2024-04-19,imgonnagetyouback,1kcwpPDQnqEqmezzXdJTCP,222072.0,73.0,https://open.spotify.com/track/1kcwpPDQnqEqmezzXdJTCP,,,,,,,,
track,Taylor swift,THE TORTURED POETS DEPARTMENT: THE ANTHOLOGY,2024-04-19,The Albatross,4EF6IyONolQy0bIQXm2EmX,183878.0,68.0,https://open.spotify.com/track/4EF6IyONolQy0bIQXm2EmX,,,,,,,,
track,Taylor swift,THE TORTURED POETS DEPARTMENT: THE ANTHOLOGY,2024-04-19,Chloe or Sam or Sophia or Marcus,1rmEsOezwf2lmIZTMAO5Ag,213281.0,70.0,https://open.spotify.com/track/1rmEsOezwf2lmIZTMAO5Ag,,,,,,,,
track,Taylor swift,THE TORTURED POETS DEPARTMENT,2024-04-18,Fortnight (feat. Post Malone),2OzhQlSqBEmt7hmkYxfT6m,228965.0,82.0,https://open.spotify.com/track/2OzhQlSqBEmt7hmkYxfT6m,,,,,,,,
track,Taylor swift,THE TORTURED POETS DEPARTMENT,2024-04-18,The Tortured Poets Department,3NMrVbIVWT3fPXBj0rNDKG,293048.0,68.0,https://open.spotify.com/track/3NMrVbIVWT3fPXBj0rNDKG,,,,,,,,
track,Taylor swift,THE TORTURED POETS DEPARTMENT,2024-04-18,My Boy Only Breaks His Favorite Toys,2XXwLdtuAcE0HSCu61ijAb,203801.0,67.0,https://open.spotify.com/track/2XXwLdtuAcE0HSCu61ijAb,,,,,,,,
track,Taylor swift,THE TORTURED POETS DEPARTMENT,2024-04-18,Down Bad,2F3N9tdombb64aW6VtZOdo,261228.0,72.0,https://open.spotify.com/track/2F3N9tdombb64aW6VtZOdo,,,,,,,,
track,Taylor swift,THE TORTURED POETS DEPARTMENT,2024-04-18,"So Long, London",3Vevii7qKqrmW8CcyzBHDl,262974.0,69.0,https://open.spotify.com/track/3Vevii7qKqrmW8CcyzBHDl,,,,,,,,
track,Taylor swift,THE TORTURED POETS DEPARTMENT,2024-04-18,But Daddy I Love Him,5og4Qzt92jJzVDkOtSEilb,340428.0,70.0,https://open.spotify.com/track/5og4Qzt92jJzVDkOtSEilb,,,,,,,,
track,Taylor swift,THE TORTURED POETS DEPARTMENT,2024-04-18,Fresh Out The Slammer,3fO566xJgwxIa3qGCGBvIC,210789.0,64.0,https://open.spotify.com/track/3fO566xJgwxIa3qGCGBvIC,,,,,,,,
track,Taylor swift,THE TORTURED POETS DEPARTMENT,2024-04-18,Florida!!! (feat. Florence + The Machine),3ZVFcD8Wlw9T9klGqmJf9F,215463.0,65.0,https://open.spotify.com/track/3ZVFcD8Wlw9T9klGqmJf9F,,,,,,,,
track,Taylor swift,THE TORTURED POETS DEPARTMENT,2024-04-18,Guilty as Sin?,0W0iAC1VGlB82PI6elxFYf,254365.0,75.0,https://open.spotify.com/track/0W0iAC1VGlB82PI6elxFYf,,,,,,,,
track,Taylor swift,THE TORTURED POETS DEPARTMENT,2024-04-18,Who’s Afraid of Little Old Me?,36t6frENUtCYKuZus6aYDO,334084.0,71.0,https://open.spotify.com/track/36t6frENUtCYKuZus6aYDO,,,,,,,,
track,Taylor swift,THE TORTURED POETS DEPARTMENT,2024-04-18,I Can Fix Him (No Really I Can),2h3MDMf8sd9s4XIzpTBIjX,156297.0,58.0,https://open.spotify.com/track/2h3MDMf8sd9s4XIzpTBIjX,,,,,,,,
track,Taylor swift,THE TORTURED POETS DEPARTMENT,2024-04-18,loml,6RSG1dKPV5gEvILwJb4QtS,277156.0,71.0,https://open.spotify.com/track/6RSG1dKPV5gEvILwJb4QtS,,,,,,,,
track,Taylor swift,THE TORTURED POETS DEPARTMENT,2024-04-18,I Can Do It With a Broken Heart,4q5YezDOIPcoLr8R81x9qy,218004.0,78.0,https://open.spotify.com/track/4q5YezDOIPcoLr8R81x9qy,,,,,,,,
track,Taylor swift,THE TORTURED POETS DEPARTMENT,2024-04-18,The Smallest Man Who Ever Lived,2v1ivOOsgn64g5OywuH55L,245541.0,66.0,https://open.spotify.com/track/2v1ivOOsgn64g5OywuH55L,,,,,,,,
track,Taylor swift,THE TORTURED POETS DEPARTMENT,2024-04-18,The Alchemy,1dhMTsEZz6ZEquGvmzVoHn,196900.0,66.0,https://open.spotify.com/track/1dhMTsEZz6ZEquGvmzVoHn,,,,,,,,
track,Taylor swift,THE TORTURED POETS DEPARTMENT,2024-04-18,Clara Bow,1UlhrRvYzbHEyugEDspXUB,216662.0,58.0,https://open.spotify.com/track/1UlhrRvYzbHEyugEDspXUB,,,,,,,,
track,Taylor swift,1989 (Taylor's Version) [Deluxe],2023-10-27,Welcome To New York (Taylor's Version),4WUepByoeqcedHoYhSNHRt,212600.0,59.0,https://open.spotify.com/track/4WUepByoeqcedHoYhSNHRt,,,,,,,,
track,Taylor swift,1989 (Taylor's Version) [Deluxe],2023-10-27,Blank Space (Taylor's Version),0108kcWLnn2HlH2kedi1gn,231833.0,62.0,https://open.spotify.com/track/0108kcWLnn2HlH2kedi1gn,,,,,,,,
track,Taylor swift,1989 (Taylor's Version) [Deluxe],2023-10-27,Style (Taylor's Version),3Vpk1hfMAQme8VJ0SNRSkd,231000.0,62.0,https://open.spotify.com/track/3Vpk1hfMAQme8VJ0SNRSkd,,,,,,,,
track,Taylor swift,1989 (Taylor's Version) [Deluxe],2023-10-27,Out Of The Woods (Taylor's Version),1OcSfkeCg9hRC2sFKB4IMJ,235800.0,61.0,https://open.spotify.com/track/1OcSfkeCg9hRC2sFKB4IMJ,,,,,,,,
track,Taylor swift,1989 (Taylor's Version) [Deluxe],2023-10-27,All You Had To Do Was Stay (Taylor's Version),2k0ZEeAqzvYMcx9Qt5aClQ,193289.0,60.0,https://open.spotify.com/track/2k0ZEeAqzvYMcx9Qt5aClQ,,,,,,,,
track,Taylor swift,1989 (Taylor's Version) [Deluxe],2023-10-27,Shake It Off (Taylor's Version),50yNTF0Od55qnHLxYsA5Pw,219209.0,59.0,https://open.spotify.com/track/50yNTF0Od55qnHLxYsA5Pw,,,,,,,,
track,Taylor swift,1989 (Taylor's Version) [Deluxe],2023-10-27,I Wish You Would (Taylor's Version),3FxJDucHWdw6caWTKO5b23,207650.0,59.0,https://open.spotify.com/track/3FxJDucHWdw6caWTKO5b23,,,,,,,,
track,Taylor swift,1989 (Taylor's Version) [Deluxe],2023-10-27,Bad Blood (Taylor's Version),7oZONwFiFIErZcXAtTu7FY,211103.0,58.0,https://open.spotify.com/track/7oZONwFiFIErZcXAtTu7FY,,,,,,,,
track,Taylor swift,1989 (Taylor's Version) [Deluxe],2023-10-27,Wildest Dreams (Taylor's Version),27exgla7YBw9DUNNcTIpjy,220433.0,60.0,https://open.spotify.com/track/27exgla7YBw9DUNNcTIpjy,,,,,,,,
track,Taylor swift,1989 (Taylor's Version) [Deluxe],2023-10-27,How You Get The Girl (Taylor's Version),733OhaXQIHY7BKtY3vnSkn,247533.0,59.0,https://open.spotify.com/track/733OhaXQIHY7BKtY3vnSkn,,,,,,,,
track,Taylor swift,1989 (Taylor's Version) [Deluxe],2023-10-27,This Love (Taylor’s Version),4WBEj8TeGtRPNJdOmT3WJW,250100.0,59.0,https://open.spotify.com/track/4WBEj8TeGtRPNJdOmT3WJW,,,,,,,,
track,Taylor swift,1989 (Taylor's Version) [Deluxe],2023-10-27,I Know Places (Taylor's Version),1ULabO0PEsdJekqVH6G10G,195700.0,59.0,https://open.spotify.com/track/1ULabO0PEsdJekqVH6G10G,,,,,,,,
track,Taylor swift,1989 (Taylor's Version) [Deluxe],2023-10-27,Clean (Taylor's Version),0lKUBmEyQfzsQHozyeXzES,271000.0,60.0,https://open.spotify.com/track/0lKUBmEyQfzsQHozyeXzES,,,,,,,,
track,Taylor swift,1989 (Taylor's Version) [Deluxe],2023-10-27,Wonderland (Taylor's Version),6HRsJu8vcnzYDN4t0570FY,245566.0,58.0,https://open.spotify.com/track/6HRsJu8vcnzYDN4t0570FY,,,,,,,,
track,Taylor swift,1989 (Taylor's Version) [Deluxe],2023-10-27,You Are In Love (Taylor's Version),0TyGh27YQ5LknmiDhCzJiT,267389.0,61.0,https://open.spotify.com/track/0TyGh27YQ5LknmiDhCzJiT,,,,,,,,
track,Taylor swift,1989 (Taylor's Version) [Deluxe],2023-10-27,New Romantics (Taylor's Version),5M787RexsAiVYjQusM98CV,230177.0,60.0,https://open.spotify.com/track/5M787RexsAiVYjQusM98CV,,,,,,,,
track,Taylor swift,1989 (Taylor's Version) [Deluxe],2023-10-27,"""Slut!"" (Taylor's Version) (From The Vault)",0CD7DzeCsuPJygddqlUVYa,180381.0,62.0,https://open.spotify.com/track/0CD7DzeCsuPJygddqlUVYa,,,,,,,,
track,Taylor swift,1989 (Taylor's Version) [Deluxe],2023-10-27,Say Don't Go (Taylor's Version) (From The Vault),3CCRVu4F91Qp2mnGjmWBrf,279833.0,61.0,https://open.spotify.com/track/3CCRVu4F91Qp2mnGjmWBrf,,,,,,,,
track,Taylor swift,1989 (Taylor's Version) [Deluxe],2023-10-27,Now That We Don't Talk (Taylor's Version) (From The Vault),5QUIK7ZtziW8kGWo8RqopF,146436.0,62.0,https://open.spotify.com/track/5QUIK7ZtziW8kGWo8RqopF,,,,,,,,
track,Taylor swift,1989 (Taylor's Version) [Deluxe],2023-10-27,Suburban Legends (Taylor's Version) (From The Vault),6M9ppdfFjR1AbpUl3Y8DcV,171818.0,59.0,https://open.spotify.com/track/6M9ppdfFjR1AbpUl3Y8DcV,,,,,,,,
track,Taylor swift,1989 (Taylor's Version),2023-10-26,Welcome To New York (Taylor's Version),1hR8BSuEqPCCZfv93zzzz9,212600.0,65.0,https://open.spotify.com/track/1hR8BSuEqPCCZfv93zzzz9,,,,,,,,
track,Taylor swift,1989 (Taylor's Version),2023-10-26,Blank Space (Taylor's Version),45wMBGri1PORPjM9PwFfrS,231833.0,71.0,https://open.spotify.com/track/45wMBGri1PORPjM9PwFfrS,,,,,,,,
track,Taylor swift,1989 (Taylor's Version),2023-10-26,Style (Taylor's Version),1hjRhYpWyqDpPahmSlUTlc,231000.0,74.0,https://open.spotify.com/track/1hjRhYpWyqDpPahmSlUTlc,,,,,,,,
track,Taylor swift,1989 (Taylor's Version),2023-10-26,Out Of The Woods (Taylor's Version),045ZeOHPIzhxxsm8bq5kyE,235800.0,70.0,https://open.spotify.com/track/045ZeOHPIzhxxsm8bq5kyE,,,,,,,,
track,Taylor swift,1989 (Taylor's Version),2023-10-26,All You Had To Do Was Stay (Taylor's Version),6GXgd1BPD9bUpqw5AntGV5,193289.0,65.0,https://open.spotify.com/track/6GXgd1BPD9bUpqw5AntGV5,,,,,,,,
track,Taylor swift,1989 (Taylor's Version),2023-10-26,Shake It Off (Taylor's Version),3pv7Q5v2dpdefwdWIvE7yH,219209.0,68.0,https://open.spotify.com/track/3pv7Q5v2dpdefwdWIvE7yH,,,,,,,,
track,Taylor swift,1989 (Taylor's Version),2023-10-26,I Wish You Would (Taylor's Version),43y1WpBdnEy5TR9aZoSQL9,207650.0,63.0,https://open.spotify.com/track/43y1WpBdnEy5TR9aZoSQL9,,,,,,,,
track,Taylor swift,1989 (Taylor's Version),2023-10-26,Bad Blood (Taylor's Version),64FzgoLZ3oXu2SriZblHic,211103.0,64.0,https://open.spotify.com/track/64FzgoLZ3oXu2SriZblHic,,,,,,,,
track,Taylor swift,1989 (Taylor's Version),2023-10-26,Wildest Dreams (Taylor's Version),1K39ty6o1sHwwlZwO6a7wK,220433.0,75.0,https://open.spotify.com/track/1K39ty6o1sHwwlZwO6a7wK,,,,,,,,
track,Taylor swift,1989 (Taylor's Version),2023-10-26,How You Get The Girl (Taylor's Version),75W3SngKzTuoQ94uLf3y82,247533.0,64.0,https://open.spotify.com/track/75W3SngKzTuoQ94uLf3y82,,,,,,,,
track,Taylor swift,1989 (Taylor's Version),2023-10-26,This Love (Taylor’s Version),5QVVjX0ZItqlVpEuVCM9Yg,250100.0,70.0,https://open.spotify.com/track/5QVVjX0ZItqlVpEuVCM9Yg,,,,,,,,
track,Taylor swift,1989 (Taylor's Version),2023-10-26,I Know Places (Taylor's Version),2f0GI2ZLUtbGqFx8t2Gk6A,195700.0,62.0,https://open.spotify.com/track/2f0GI2ZLUtbGqFx8t2Gk6A,,,,,,,,
track,Taylor swift,1989 (Taylor's Version),2023-10-26,Clean (Taylor's Version),2ByBBvpR9b7IynvRmnG7kG,271000.0,70.0,https://open.spotify.com/track/2ByBBvpR9b7IynvRmnG7kG,,,,,,,,
track,Taylor swift,1989 (Taylor's Version),2023-10-26,Wonderland (Taylor's Version),2ve0kuaWUCt4Zx8x4bf1MR,245566.0,64.0,https://open.spotify.com/track/2ve0kuaWUCt4Zx8x4bf1MR,,,,,,,,
track,Taylor swift,1989 (Taylor's Version),2023-10-26,You Are In Love (Taylor's Version),4UwqOWDpdeIDVQDuKT6iza,267389.0,69.0,https://open.spotify.com/track/4UwqOWDpdeIDVQDuKT6iza,,,,,,,,
track,Taylor swift,1989 (Taylor's Version),2023-10-26,New Romantics (Taylor's Version),2vPMoMDXxu9uX1igWZmXSG,230177.0,68.0,https://open.spotify.com/track/2vPMoMDXxu9uX1igWZmXSG,,,,,,,,
track,Taylor swift,1989 (Taylor's Version),2023-10-26,"""Slut!"" (Taylor's Version) (From The Vault)",71BqAINEnezjQfxE4VuJfq,180381.0,73.0,https://open.spotify.com/track/71BqAINEnezjQfxE4VuJfq,,,,,,,,
track,Taylor swift,1989 (Taylor's Version),2023-10-26,Say Don't Go (Taylor's Version) (From The Vault),4NioO5R9sHEZh4cGzMHyNt,279833.0,69.0,https://open.spotify.com/track/4NioO5R9sHEZh4cGzMHyNt,,,,,,,,
track,Taylor swift,1989 (Taylor's Version),2023-10-26,Now That We Don't Talk (Taylor's Version) (From The Vault),5KD6AEm19QnMbfWpfoOHMl,146436.0,72.0,https://open.spotify.com/track/5KD6AEm19QnMbfWpfoOHMl,,,,,,,,
track,Taylor swift,1989 (Taylor's Version),2023-10-26,Suburban Legends (Taylor's Version) (From The Vault),6T0sEnqjmHISIKwFETeeiP,171818.0,65.0,https://open.spotify.com/track/6T0sEnqjmHISIKwFETeeiP,,,,,,,,
track,Taylor swift,Speak Now (Taylor's Version),2023-07-07,Mine (Taylor's Version),7G0gBu6nLdhFDPRLc0HdDG,231706.0,73.0,https://open.spotify.com/track/7G0gBu6nLdhFDPRLc0HdDG,,,,,,,,
track,Taylor swift,Speak Now (Taylor's Version),2023-07-07,Sparks Fly (Taylor’s Version),3MytWN8L7shNYzGl4tAKRp,261230.0,69.0,https://open.spotify.com/track/3MytWN8L7shNYzGl4tAKRp,,,,,,,,
track,Taylor swift,Speak Now (Taylor's Version),2023-07-07,Back To December (Taylor's Version),79uDOz0zuuWS7HWxzMmTa2,294189.0,72.0,https://open.spotify.com/track/79uDOz0zuuWS7HWxzMmTa2,,,,,,,,
track,Taylor swift,Speak Now (Taylor's Version),2023-07-07,Speak Now (Taylor's Version),5xXqyjLicvEpch72qEryFT,242473.0,66.0,https://open.spotify.com/track/5xXqyjLicvEpch72qEryFT,,,,,,,,
track,Taylor swift,Speak Now (Taylor's Version),2023-07-07,Dear John (Taylor's Version),1zU8j1x3yi9xalMF96pzKp,405906.0,65.0,https://open.spotify.com/track/1zU8j1x3yi9xalMF96pzKp,,,,,,,,
track,Taylor swift,Speak Now (Taylor's Version),2023-07-07,Mean (Taylor's Version),30Y4CV7A6YqtQtTTo7Ue4j,238693.0,64.0,https://open.spotify.com/track/30Y4CV7A6YqtQtTTo7Ue4j,,,,,,,,
track,Taylor swift,Speak Now (Taylor's Version),2023-07-07,The Story Of Us (Taylor's Version),6dTA6y0C2ReQklntzZl8l3,267653.0,67.0,https://open.spotify.com/track/6dTA6y0C2ReQklntzZl8l3,,,,,,,,
track,Taylor swift,Speak Now (Taylor's Version),2023-07-07,Never Grow Up (Taylor's Version),2EFZ9emtKWEglWUQGEQ3P9,292920.0,64.0,https://open.spotify.com/track/2EFZ9emtKWEglWUQGEQ3P9,,,,,,,,
track,Taylor swift,Speak Now (Taylor's Version),2023-07-07,Enchanted (Taylor's Version),3sW3oSbzsfecv9XoUdGs7h,353253.0,78.0,https://open.spotify.com/track/3sW3oSbzsfecv9XoUdGs7h,,,,,,,,
track,Taylor swift,Speak Now (Taylor's Version),2023-07-07,Better Than Revenge (Taylor's Version),0NwGC0v03ysCYINtg6ns58,220306.0,66.0,https://open.spotify.com/track/0NwGC0v03ysCYINtg6ns58,,,,,,,,
track,Taylor swift,Speak Now (Taylor's Version),2023-07-07,Innocent (Taylor's Version),12nBPF4Rh4XLFJV0YLN7uj,301221.0,60.0,https://open.spotify.com/track/12nBPF4Rh4XLFJV0YLN7uj,,,,,,,,
track,Taylor swift,Speak Now (Taylor's Version),2023-07-07,Haunted (Taylor's Version),4tMzIAFTFdqGBQLdfbPces,245413.0,66.0,https://open.spotify.com/track/4tMzIAFTFdqGBQLdfbPces,,,,,,,,
track,Taylor swift,Speak Now (Taylor's Version),2023-07-07,Last Kiss (Taylor's Version),59KOoHFcw5XfICnO57holu,369120.0,69.0,https://open.spotify.com/track/59KOoHFcw5XfICnO57holu,,,,,,,,
track,Taylor swift,Speak Now (Taylor's Version),2023-07-07,Long Live (Taylor's Version),4hqJ4bSlYJOXb6Z4SRmzxs,317960.0,71.0,https://open.spotify.com/track/4hqJ4bSlYJOXb6Z4SRmzxs,,,,,,,,
track,Taylor swift,Speak Now (Taylor's Version),2023-07-07,Ours (Taylor’s Version),3yNJkriPzWjkkDAWHIAVUq,235803.0,62.0,https://open.spotify.com/track/3yNJkriPzWjkkDAWHIAVUq,,,,,,,,
track,Taylor swift,Speak Now (Taylor's Version),2023-07-07,Superman (Taylor’s Version),4evLyY5Ue1Wesc61t2KXAU,274945.0,60.0,https://open.spotify.com/track/4evLyY5Ue1Wesc61t2KXAU,,,,,,,,
track,Taylor swift,Speak Now (Taylor's Version),2023-07-07,Electric Touch (feat. Fall Out Boy) (Taylor’s Version) (From The Vault),4e3ZNTAV6PCrdYMUrUlMpQ,266466.0,64.0,https://open.spotify.com/track/4e3ZNTAV6PCrdYMUrUlMpQ,,,,,,,,
track,Taylor swift,Speak Now (Taylor's Version),2023-07-07,When Emma Falls in Love (Taylor’s Version) (From The Vault),0zo975x58DlXbZllWvfYhg,252385.0,63.0,https://open.spotify.com/track/0zo975x58DlXbZllWvfYhg,,,,,,,,
track,Taylor swift,Speak Now (Taylor's Version),2023-07-07,I Can See You (Taylor’s Version) (From The Vault),5kHMfzgLZP95O9NBy0ku4v,273186.0,72.0,https://open.spotify.com/track/5kHMfzgLZP95O9NBy0ku4v,,,,,,,,
track,Taylor swift,Speak Now (Taylor's Version),2023-07-07,Castles Crumbling (feat. Hayley Williams) (Taylor’s Version) (From The Vault),4ABYxlb92WBIjHu7TIKmml,306062.0,64.0,https://open.spotify.com/track/4ABYxlb92WBIjHu7TIKmml,,,,,,,,
track,Taylor swift,Midnights (The Til Dawn Edition),2023-05-26,Lavender Haze,24emu3sabKISjRkrys28jq,202395.0,62.0,https://open.spotify.com/track/24emu3sabKISjRkrys28jq,,,,,,,,
track,Taylor swift,Midnights (The Til Dawn Edition),2023-05-26,Maroon,6qxvy9Pe4RJIq5JBVbbwbS,218270.0,63.0,https://open.spotify.com/track/6qxvy9Pe4RJIq5JBVbbwbS,,,,,,,,
track,Taylor swift,Midnights (The Til Dawn Edition),2023-05-26,Anti-Hero,5qIHFdkW6phMsTZlN2g8Lc,200690.0,63.0,https://open.spotify.com/track/5qIHFdkW6phMsTZlN2g8Lc,,,,,,,,
track,Taylor swift,Midnights (The Til Dawn Edition),2023-05-26,Snow On The Beach (feat. Lana Del Rey),7GA86Uo2jYbj8vIXe2nyWd,256124.0,60.0,https://open.spotify.com/track/7GA86Uo2jYbj8vIXe2nyWd,,,,,,,,
track,Taylor swift,Midnights (The Til Dawn Edition),2023-05-26,"You're On Your Own, Kid",6PQOU00xWNrGwCZzboriXy,194206.0,63.0,https://open.spotify.com/track/6PQOU00xWNrGwCZzboriXy,,,,,,,,
track,Taylor swift,Midnights (The Til Dawn Edition),2023-05-26,Midnight Rain,4eKMqf9ZMSclDX7V9Ptg7x,174782.0,62.0,https://open.spotify.com/track/4eKMqf9ZMSclDX7V9Ptg7x,,,,,,,,
track,Taylor swift,Midnights (The Til Dawn Edition),2023-05-26,Question...?,7oomkQSYf1ia2VnVEWfFIU,210556.0,60.0,https://open.spotify.com/track/7oomkQSYf1ia2VnVEWfFIU,,,,,,,,
track,Taylor swift,Midnights (The Til Dawn Edition),2023-05-26,Vigilante Shit,0GKDhq6ZbmSbRHd3eyGlB7,164801.0,61.0,https://open.spotify.com/track/0GKDhq6ZbmSbRHd3eyGlB7,,,,,,,,
track,Taylor swift,Midnights (The Til Dawn Edition),2023-05-26,Bejeweled,0VpF6RLdCfPIeYRwMu4tZK,194165.0,62.0,https://open.spotify.com/track/0VpF6RLdCfPIeYRwMu4tZK,,,,,,,,
track,Taylor swift,Midnights (The Til Dawn Edition),2023-05-26,Labyrinth,4bBDkw2KBMX0tcgAaXC83Q,247962.0,61.0,https://open.spotify.com/track/4bBDkw2KBMX0tcgAaXC83Q,,,,,,,,
track,Taylor swift,Midnights (The Til Dawn Edition),2023-05-26,Karma,45R112Jz5hQeKgITXgSXzs,204852.0,61.0,https://open.spotify.com/track/45R112Jz5hQeKgITXgSXzs,,,,,,,,
track,Taylor swift,Midnights (The Til Dawn Edition),2023-05-26,Sweet Nothing,2L09RYwH5Pjzca6PmbUAw3,188496.0,60.0,https://open.spotify.com/track/2L09RYwH5Pjzca6PmbUAw3,,,,,,,,
track,Taylor swift,Midnights (The Til Dawn Edition),2023-05-26,Mastermind,1QQii3pa5m8MEda0nbkjfw,191039.0,61.0,https://open.spotify.com/track/1QQii3pa5m8MEda0nbkjfw,,,,,,,,
track,Taylor swift,Midnights (The Til Dawn Edition),2023-05-26,The Great War,2VuqMjgoKaOHNM8HpxtXKx,240355.0,61.0,https://open.spotify.com/track/2VuqMjgoKaOHNM8HpxtXKx,,,,,,,,
track,Taylor swift,Midnights (The Til Dawn Edition),2023-05-26,Bigger Than The Whole Sky,71CBDRKmF2VeRKYMG1DFBh,218502.0,59.0,https://open.spotify.com/track/71CBDRKmF2VeRKYMG1DFBh,,,,,,,,
track,Taylor swift,Midnights (The Til Dawn Edition),2023-05-26,Paris,5tWxKWq1DSP1s9WQ5PWuqu,196258.0,60.0,https://open.spotify.com/track/5tWxKWq1DSP1s9WQ5PWuqu,,,,,,,,
track,Taylor swift,Midnights (The Til Dawn Edition),2023-05-26,High Infidelity,1SztNGCwEHJEVFx90E5g7D,231475.0,59.0,https://open.spotify.com/track/1SztNGCwEHJEVFx90E5g7D,,,,,,,,
track,Taylor swift,Midnights (The Til Dawn Edition),2023-05-26,Glitch,7C0w28EsX0Um2FrZs9gso2,148781.0,58.0,https://open.spotify.com/track/7C0w28EsX0Um2FrZs9gso2,,,,,,,,
track,Taylor swift,Midnights (The Til Dawn Edition),2023-05-26,"Would've, Could've, Should've",4txojlesMFQZGWxwz2EeqB,260361.0,61.0,https://open.spotify.com/track/4txojlesMFQZGWxwz2EeqB,,,,,,,,
track,Taylor swift,Midnights (The Til Dawn Edition),2023-05-26,Dear Reader,10GRRCR5fctuOF4GFmATJI,225194.0,59.0,https://open.spotify.com/track/10GRRCR5fctuOF4GFmATJI,,,,,,,,
track,Taylor swift,Midnights (3am Edition),2022-10-22,Lavender Haze,4g2c7NoTWAOSYDy44l9nub,202395.0,60.0,https://open.spotify.com/track/4g2c7NoTWAOSYDy44l9nub,,,,,,,,
track,Taylor swift,Midnights (3am Edition),2022-10-22,Maroon,199E1RRrVmVTQqBXih5qRC,218270.0,61.0,https://open.spotify.com/track/199E1RRrVmVTQqBXih5qRC,,,,,,,,
track,Taylor swift,Midnights (3am Edition),2022-10-22,Anti-Hero,02Zkkf2zMkwRGQjZ7T4p8f,200690.0,59.0,https://open.spotify.com/track/02Zkkf2zMkwRGQjZ7T4p8f,,,,,,,,
track,Taylor swift,Midnights (3am Edition),2022-10-22,Snow On The Beach (feat. Lana Del Rey),6ADDIJxxqzM9LMpm78yzQG,256124.0,57.0,https://open.spotify.com/track/6ADDIJxxqzM9LMpm78yzQG,,,,,,,,
track,Taylor swift,Midnights (3am Edition),2022-10-22,"You're On Your Own, Kid",7gVWKBcfIW93YxNBi3ApIE,194206.0,61.0,https://open.spotify.com/track/7gVWKBcfIW93YxNBi3ApIE,,,,,,,,
track,Taylor swift,Midnights (3am Edition),2022-10-22,Midnight Rain,6Nl7KyvjkFncGsjB49SxLl,174782.0,59.0,https://open.spotify.com/track/6Nl7KyvjkFncGsjB49SxLl,,,,,,,,
track,Taylor swift,Midnights (3am Edition),2022-10-22,Question...?,6C7OF1Jal7YkyjzyUG8vkK,210556.0,56.0,https://open.spotify.com/track/6C7OF1Jal7YkyjzyUG8vkK,,,,,,,,
track,Taylor swift,Midnights (3am Edition),2022-10-22,Vigilante Shit,5yeuXkukVGuix3vmLu2BPJ,164801.0,57.0,https://open.spotify.com/track/5yeuXkukVGuix3vmLu2BPJ,,,,,,,,
track,Taylor swift,Midnights (3am Edition),2022-10-22,Bejeweled,0jvo9CjnbR0lYUDTSNTMiu,194165.0,60.0,https://open.spotify.com/track/0jvo9CjnbR0lYUDTSNTMiu,,,,,,,,
track,Taylor swift,Midnights (3am Edition),2022-10-22,Labyrinth,43q586vP8gGkYypKoSddhl,247962.0,58.0,https://open.spotify.com/track/43q586vP8gGkYypKoSddhl,,,,,,,,
track,Taylor swift,Midnights (3am Edition),2022-10-22,Karma,5oqDgw5VGBln5dSIOPWyBq,204852.0,61.0,https://open.spotify.com/track/5oqDgw5VGBln5dSIOPWyBq,,,,,,,,
track,Taylor swift,Midnights (3am Edition),2022-10-22,Sweet Nothing,3zmwONxswBAzGwExPugSLN,188496.0,60.0,https://open.spotify.com/track/3zmwONxswBAzGwExPugSLN,,,,,,,,
track,Taylor swift,Midnights (3am Edition),2022-10-22,Mastermind,56hioFjQ0DXrdn04hZcFgG,191039.0,61.0,https://open.spotify.com/track/56hioFjQ0DXrdn04hZcFgG,,,,,,,,
track,Taylor swift,Midnights (3am Edition),2022-10-22,The Great War,3UMrglJeju5yWyYIW6o99b,240355.0,66.0,https://open.spotify.com/track/3UMrglJeju5yWyYIW6o99b,,,,,,,,
track,Taylor swift,Midnights (3am Edition),2022-10-22,Bigger Than The Whole Sky,0BiqmkasE5FdrChwKfVp8X,218502.0,66.0,https://open.spotify.com/track/0BiqmkasE5FdrChwKfVp8X,,,,,,,,
track,Taylor swift,Midnights (3am Edition),2022-10-22,Paris,7712gjoih4QoDbXpljEk21,196258.0,62.0,https://open.spotify.com/track/7712gjoih4QoDbXpljEk21,,,,,,,,
track,Taylor swift,Midnights (3am Edition),2022-10-22,High Infidelity,5kiZGSxgqPdv6rbqL9THdd,231475.0,61.0,https://open.spotify.com/track/5kiZGSxgqPdv6rbqL9THdd,,,,,,,,
track,Taylor swift,Midnights (3am Edition),2022-10-22,Glitch,6wAFvJPpTZVirBKGZ4EnMW,148781.0,59.0,https://open.spotify.com/track/6wAFvJPpTZVirBKGZ4EnMW,,,,,,,,
track,Taylor swift,Midnights (3am Edition),2022-10-22,"Would've, Could've, Should've",0aV5uARAknQgYhBaK944FP,260361.0,65.0,https://open.spotify.com/track/0aV5uARAknQgYhBaK944FP,,,,,,,,
track,Taylor swift,Midnights (3am Edition),2022-10-22,Dear Reader,3QF5RsWzK1lCvf2o2cY65P,225194.0,61.0,https://open.spotify.com/track/3QF5RsWzK1lCvf2o2cY65P,,,,,,,,
track,Taylor swift,Midnights,2022-10-21,Lavender Haze,5jQI2r1RdgtuT8S3iG8zFC,202395.0,73.0,https://open.spotify.com/track/5jQI2r1RdgtuT8S3iG8zFC,,,,,,,,
track,Taylor swift,Midnights,2022-10-21,Maroon,3eX0NZfLtGzoLUxPNvRfqm,218270.0,71.0,https://open.spotify.com/track/3eX0NZfLtGzoLUxPNvRfqm,,,,,,,,
track,Taylor swift,Midnights,2022-10-21,Anti-Hero,0V3wPSX9ygBnCm8psDIegu,200690.0,81.0,https://open.spotify.com/track/0V3wPSX9ygBnCm8psDIegu,,,,,,,,
track,Taylor swift,Midnights,2022-10-21,Snow On The Beach (feat. Lana Del Rey),1wtOxkiel43cVs0Yux5Q4h,256124.0,68.0,https://open.spotify.com/track/1wtOxkiel43cVs0Yux5Q4h,,,,,,,,
track,Taylor swift,Midnights,2022-10-21,"You're On Your Own, Kid",4D7BCuvgdJlYvlX5WlN54t,194206.0,79.0,https://open.spotify.com/track/4D7BCuvgdJlYvlX5WlN54t,,,,,,,,
track,Taylor swift,Midnights,2022-10-21,Midnight Rain,3rWDp9tBPQR9z6U5YyRSK4,174782.0,75.0,https://open.spotify.com/track/3rWDp9tBPQR9z6U5YyRSK4,,,,,,,,
track,Taylor swift,Midnights,2022-10-21,Question...?,0heeNYlwOGuUSe7TgUD27B,210556.0,63.0,https://open.spotify.com/track/0heeNYlwOGuUSe7TgUD27B,,,,,,,,
track,Taylor swift,Midnights,2022-10-21,Vigilante Shit,1xwAWUI6Dj0WGC3KiUPN0O,164801.0,68.0,https://open.spotify.com/track/1xwAWUI6Dj0WGC3KiUPN0O,,,,,,,,
track,Taylor swift,Midnights,2022-10-21,Bejeweled,3qoftcUZaUOncvIYjFSPdE,194165.0,73.0,https://open.spotify.com/track/3qoftcUZaUOncvIYjFSPdE,,,,,,,,
track,Taylor swift,Midnights,2022-10-21,Labyrinth,0A1JLUlkZkp2EFrosoNQi0,247962.0,71.0,https://open.spotify.com/track/0A1JLUlkZkp2EFrosoNQi0,,,,,,,,
track,Taylor swift,Midnights,2022-10-21,Karma,7KokYm8cMIXCsGVmUvKtqf,204852.0,76.0,https://open.spotify.com/track/7KokYm8cMIXCsGVmUvKtqf,,,,,,,,
track,Taylor swift,Midnights,2022-10-21,Sweet Nothing,0wavGRldH0AWyu2zvTz8zb,188496.0,68.0,https://open.spotify.com/track/0wavGRldH0AWyu2zvTz8zb,,,,,,,,
track,Taylor swift,Midnights,2022-10-21,Mastermind,7FmYn9e7KHMXcxqGSj9LjH,191039.0,69.0,https://open.spotify.com/track/7FmYn9e7KHMXcxqGSj9LjH,,,,,,,,
track,Taylor swift,Red (Taylor's Version),2021-11-12,State Of Grace (Taylor's Version),6lzc0Al0zfZOIFsFvBS1ki,295413.0,65.0,https://open.spotify.com/track/6lzc0Al0zfZOIFsFvBS1ki,,,,,,,,
track,Taylor swift,Red (Taylor's Version),2021-11-12,Red (Taylor's Version),4OAuvHryIVv4kMDNSLuPt6,223093.0,78.0,https://open.spotify.com/track/4OAuvHryIVv4kMDNSLuPt6,,,,,,,,
track,Taylor swift,Red (Taylor's Version),2021-11-12,Treacherous (Taylor's Version),3S7HNKPakdwNEBFIVTL6dZ,242720.0,65.0,https://open.spotify.com/track/3S7HNKPakdwNEBFIVTL6dZ,,,,,,,,
track,Taylor swift,Red (Taylor's Version),2021-11-12,I Knew You Were Trouble (Taylor's Version),6AtZLIzUINvExIUy4QhdjP,219760.0,71.0,https://open.spotify.com/track/6AtZLIzUINvExIUy4QhdjP,,,,,,,,
track,Taylor swift,Red (Taylor's Version),2021-11-12,All Too Well (Taylor's Version),3nsfB1vus2qaloUdcBZvDu,329160.0,72.0,https://open.spotify.com/track/3nsfB1vus2qaloUdcBZvDu,,,,,,,,
track,Taylor swift,Red (Taylor's Version),2021-11-12,22 (Taylor's Version),3yII7UwgLF6K5zW3xad3MP,230960.0,71.0,https://open.spotify.com/track/3yII7UwgLF6K5zW3xad3MP,,,,,,,,
track,Taylor swift,Red (Taylor's Version),2021-11-12,I Almost Do (Taylor's Version),2r9CbjYgFhtAmcFv1cSquB,244586.0,65.0,https://open.spotify.com/track/2r9CbjYgFhtAmcFv1cSquB,,,,,,,,
track,Taylor swift,Red (Taylor's Version),2021-11-12,We Are Never Ever Getting Back Together (Taylor's Version),5YqltLsjdqFtvqE7Nrysvs,193146.0,72.0,https://open.spotify.com/track/5YqltLsjdqFtvqE7Nrysvs,,,,,,,,
track,Taylor swift,Red (Taylor's Version),2021-11-12,Stay Stay Stay (Taylor's Version),7eQj6r5PIdYKEIZjucBMcq,205786.0,62.0,https://open.spotify.com/track/7eQj6r5PIdYKEIZjucBMcq,,,,,,,,
track,Taylor swift,Red (Taylor's Version),2021-11-12,The Last Time (feat. Gary Lightbody of Snow Patrol) (Taylor’s Version),0y6kdSRCVQhSsHSpWvTUm7,299080.0,67.0,https://open.spotify.com/track/0y6kdSRCVQhSsHSpWvTUm7,,,,,,,,
track,Taylor swift,Red (Taylor's Version),2021-11-12,Holy Ground (Taylor's Version),7J4b3LVCIGO4CMBDFLPoP6,202960.0,63.0,https://open.spotify.com/track/7J4b3LVCIGO4CMBDFLPoP6,,,,,,,,
track,Taylor swift,Red (Taylor's Version),2021-11-12,Sad Beautiful Tragic (Taylor's Version),73qMN9bXy7MSPwwGfH3wQr,284773.0,65.0,https://open.spotify.com/track/73qMN9bXy7MSPwwGfH3wQr,,,,,,,,
track,Taylor swift,Red (Taylor's Version),2021-11-12,The Lucky One (Taylor's Version),4e5ayHsOLJNLTGfjau2mEw,240466.0,62.0,https://open.spotify.com/track/4e5ayHsOLJNLTGfjau2mEw,,,,,,,,
track,Taylor swift,Red (Taylor's Version),2021-11-12,Everything Has Changed (feat. Ed Sheeran) (Taylor’s Version),7qEUFOVcxRI19tbT68JcYK,245426.0,71.0,https://open.spotify.com/track/7qEUFOVcxRI19tbT68JcYK,,,,,,,,
track,Taylor swift,Red (Taylor's Version),2021-11-12,Starlight (Taylor's Version),7A2cNLRT0YJc1yjxHlKihs,220413.0,62.0,https://open.spotify.com/track/7A2cNLRT0YJc1yjxHlKihs,,,,,,,,
track,Taylor swift,Red (Taylor's Version),2021-11-12,Begin Again (Taylor's Version),05GsNucq8Bngd9fnd4fRa0,238866.0,68.0,https://open.spotify.com/track/05GsNucq8Bngd9fnd4fRa0,,,,,,,,
track,Taylor swift,Red (Taylor's Version),2021-11-12,The Moment I Knew (Taylor's Version),0NRHj8hDwwmSPaA41o379r,285280.0,62.0,https://open.spotify.com/track/0NRHj8hDwwmSPaA41o379r,,,,,,,,
track,Taylor swift,Red (Taylor's Version),2021-11-12,Come Back...Be Here (Taylor's Version),4pNApnaUWAL2J4KO2eqokq,223333.0,67.0,https://open.spotify.com/track/4pNApnaUWAL2J4KO2eqokq,,,,,,,,
track,Taylor swift,Red (Taylor's Version),2021-11-12,Girl At Home (Taylor's Version),0DMVrlMUn01M0IcpDbwgu7,220520.0,60.0,https://open.spotify.com/track/0DMVrlMUn01M0IcpDbwgu7,,,,,,,,
track,Taylor swift,Red (Taylor's Version),2021-11-12,State Of Grace (Acoustic Version) (Taylor's Version),5jAIouBES8LWMiriuNq170,321640.0,61.0,https://open.spotify.com/track/5jAIouBES8LWMiriuNq170,,,,,,,,
track,Taylor swift,Fearless (Taylor's Version),2021-04-09,Fearless (Taylor’s Version),77sMIMlNaSURUAXq5coCxE,241591.0,75.0,https://open.spotify.com/track/77sMIMlNaSURUAXq5coCxE,,,,,,,,
track,Taylor swift,Fearless (Taylor's Version),2021-04-09,Fifteen (Taylor’s Version),2nqio0SfWg6gh2eCtfuMa5,294419.0,64.0,https://open.spotify.com/track/2nqio0SfWg6gh2eCtfuMa5,,,,,,,,
track,Taylor swift,Fearless (Taylor's Version),2021-04-09,Love Story (Taylor’s Version),6YvqWjhGD8mB5QXcbcUKtx,235766.0,77.0,https://open.spotify.com/track/6YvqWjhGD8mB5QXcbcUKtx,,,,,,,,
track,Taylor swift,Fearless (Taylor's Version),2021-04-09,Hey Stephen (Taylor’s Version),550erGcdD9n6PnwxrvYqZT,254254.0,64.0,https://open.spotify.com/track/550erGcdD9n6PnwxrvYqZT,,,,,,,,
track,Taylor swift,Fearless (Taylor's Version),2021-04-09,White Horse (Taylor’s Version),5YL553x8sHderRBDlm3NM3,234515.0,68.0,https://open.spotify.com/track/5YL553x8sHderRBDlm3NM3,,,,,,,,
track,Taylor swift,Fearless (Taylor's Version),2021-04-09,You Belong With Me (Taylor’s Version),1qrpoAMXodY6895hGKoUpA,231124.0,83.0,https://open.spotify.com/track/1qrpoAMXodY6895hGKoUpA,,,,,,,,
track,Taylor swift,Fearless (Taylor's Version),2021-04-09,Breathe (feat. Colbie Caillat) (Taylor’s Version),7HC7R2D8WjXVcUHJyEGjRs,263377.0,61.0,https://open.spotify.com/track/7HC7R2D8WjXVcUHJyEGjRs,,,,,,,,
track,Taylor swift,Fearless (Taylor's Version),2021-04-09,Tell Me Why (Taylor’s Version),0k0vFacOHNuArLWMiH60p7,200575.0,59.0,https://open.spotify.com/track/0k0vFacOHNuArLWMiH60p7,,,,,,,,
track,Taylor swift,Fearless (Taylor's Version),2021-04-09,You’re Not Sorry (Taylor’s Version),6iiAfo4wTA2CVC3Uwx9uh8,261842.0,62.0,https://open.spotify.com/track/6iiAfo4wTA2CVC3Uwx9uh8,,,,,,,,
track,Taylor swift,Fearless (Taylor's Version),2021-04-09,The Way I Loved You (Taylor’s Version),22bPsP2jCgbLUvh82U0Z3M,243136.0,78.0,https://open.spotify.com/track/22bPsP2jCgbLUvh82U0Z3M,,,,,,,,
track,Taylor swift,Fearless (Taylor's Version),2021-04-09,Forever & Always (Taylor’s Version),1msEuwSBneBKpVCZQcFTsU,225328.0,64.0,https://open.spotify.com/track/1msEuwSBneBKpVCZQcFTsU,,,,,,,,
track,Taylor swift,Fearless (Taylor's Version),2021-04-09,The Best Day (Taylor’s Version),6ON9UuIq49xXY9GPmHIYRp,245290.0,60.0,https://open.spotify.com/track/6ON9UuIq49xXY9GPmHIYRp,,,,,,,,
track,Taylor swift,Fearless (Taylor's Version),2021-04-09,Change (Taylor’s Version),3ExweHKZF9B752DPQByRVT,279359.0,58.0,https://open.spotify.com/track/3ExweHKZF9B752DPQByRVT,,,,,,,,
track,Taylor swift,Fearless (Taylor's Version),2021-04-09,Jump Then Fall (Taylor’s Version),2m3ObD945KvpE5y9A1eUWm,237580.0,61.0,https://open.spotify.com/track/2m3ObD945KvpE5y9A1eUWm,,,,,,,,
track,Taylor swift,Fearless (Taylor's Version),2021-04-09,Untouchable (Taylor’s Version),0tQ9vBYpldCuikPsbgOVKA,312107.0,63.0,https://open.spotify.com/track/0tQ9vBYpldCuikPsbgOVKA,,,,,,,,
track,Taylor swift,Fearless (Taylor's Version),2021-04-09,Forever & Always (Piano Version) (Taylor’s Version),01QdEx6kFr78ZejhQtWR5m,267833.0,59.0,https://open.spotify.com/track/01QdEx6kFr78ZejhQtWR5m,,,,,,,,
track,Taylor swift,Fearless (Taylor's Version),2021-04-09,Come In With The Rain (Taylor’s Version),1n2wszmJyVkw6FHqyLnQsY,237338.0,57.0,https://open.spotify.com/track/1n2wszmJyVkw6FHqyLnQsY,,,,,,,,
track,Taylor swift,Fearless (Taylor's Version),2021-04-09,Superstar (Taylor’s Version),51A8eKvvZz9uydvIZ7xRSV,263865.0,57.0,https://open.spotify.com/track/51A8eKvvZz9uydvIZ7xRSV,,,,,,,,
track,Taylor swift,Fearless (Taylor's Version),2021-04-09,The Other Side Of The Door (Taylor’s Version),1cSFlSBdpT4F5vb1frQ231,238443.0,62.0,https://open.spotify.com/track/1cSFlSBdpT4F5vb1frQ231,,,,,,,,
track,Taylor swift,Fearless (Taylor's Version),2021-04-09,Today Was A Fairytale (Taylor’s Version),2JoJrsEV15OzbijS47lids,241822.0,61.0,https://open.spotify.com/track/2JoJrsEV15OzbijS47lids,,,,,,,,
track,Taylor swift,evermore (deluxe version),2021-01-07,willow,2gVhfX2Gy1T9kDuS9azrF7,214706.0,65.0,https://open.spotify.com/track/2gVhfX2Gy1T9kDuS9azrF7,,,,,,,,
track,Taylor swift,evermore (deluxe version),2021-01-07,champagne problems,1gcyHQpBQ1lfXGdhZmWrHP,244000.0,66.0,https://open.spotify.com/track/1gcyHQpBQ1lfXGdhZmWrHP,,,,,,,,
track,Taylor swift,evermore (deluxe version),2021-01-07,gold rush,3Dby3p1m6IOZn2gIIqECgK,185320.0,63.0,https://open.spotify.com/track/3Dby3p1m6IOZn2gIIqECgK,,,,,,,,
track,Taylor swift,evermore (deluxe version),2021-01-07,‘tis the damn season,6sQckd3Z8NPxVVKUnavY1F,229840.0,64.0,https://open.spotify.com/track/6sQckd3Z8NPxVVKUnavY1F,,,,,,,,
track,Taylor swift,evermore (deluxe version),2021-01-07,tolerate it,6lCvK2AR2uOKkVFCVlAzzm,245440.0,64.0,https://open.spotify.com/track/6lCvK2AR2uOKkVFCVlAzzm,,,,,,,,
track,Taylor swift,evermore (deluxe version),2021-01-07,"no body, no crime (feat. HAIM)",6uwfVkaOM1mcMkFmSn35ix,215626.0,63.0,https://open.spotify.com/track/6uwfVkaOM1mcMkFmSn35ix,,,,,,,,
track,Taylor swift,evermore (deluxe version),2021-01-07,happiness,55Vf4bimc1Rtfg0PAQRAo2,315146.0,62.0,https://open.spotify.com/track/55Vf4bimc1Rtfg0PAQRAo2,,,,,,,,
track,Taylor swift,evermore (deluxe version),2021-01-07,dorothea,66tOfHVH3aUrscg8vExRV4,225880.0,61.0,https://open.spotify.com/track/66tOfHVH3aUrscg8vExRV4,,,,,,,,
track,Taylor swift,evermore (deluxe version),2021-01-07,coney island (feat. The National),2awNGIJHodfLZSClB3PYhz,275320.0,62.0,https://open.spotify.com/track/2awNGIJHodfLZSClB3PYhz,,,,,,,,
track,Taylor swift,evermore (deluxe version),2021-01-07,ivy,43Ykum9T72UOPhBN31grpN,260440.0,63.0,https://open.spotify.com/track/43Ykum9T72UOPhBN31grpN,,,,,,,,
track,Taylor swift,evermore (deluxe version),2021-01-07,cowboy like me,52OkpDsU6MmPx1AwGOb6Ap,275040.0,63.0,https://open.spotify.com/track/52OkpDsU6MmPx1AwGOb6Ap,,,,,,,,
track,Taylor swift,evermore (deluxe version),2021-01-07,long story short,5VYWxXUpxuxEmCqMLDqICo,215920.0,62.0,https://open.spotify.com/track/5VYWxXUpxuxEmCqMLDqICo,,,,,,,,
track,Taylor swift,evermore (deluxe version),2021-01-07,marjorie,5uICWmZTLkpEVbK22PBP6e,257773.0,62.0,https://open.spotify.com/track/5uICWmZTLkpEVbK22PBP6e,,,,,,,,
track,Taylor swift,evermore (deluxe version),2021-01-07,closure,6a8aUhYbaQBUI8PcJ5ZmQ6,180653.0,59.0,https://open.spotify.com/track/6a8aUhYbaQBUI8PcJ5ZmQ6,,,,,,,,
track,Taylor swift,evermore (deluxe version),2021-01-07,evermore (feat. Bon Iver),6Wlq9rqkxrqj5Kls4Kw14H,304106.0,63.0,https://open.spotify.com/track/6Wlq9rqkxrqj5Kls4Kw14H,,,,,,,,
track,Taylor swift,evermore (deluxe version),2021-01-07,right where you left me - bonus track,3zwMVvkBe2qIKDObWgXw4N,245026.0,76.0,https://open.spotify.com/track/3zwMVvkBe2qIKDObWgXw4N,,,,,,,,
track,Taylor swift,evermore (deluxe version),2021-01-07,it’s time to go - bonus track,1kdWw77ZpYOkhxeuhzU1j6,254640.0,65.0,https://open.spotify.com/track/1kdWw77ZpYOkhxeuhzU1j6,,,,,,,,
track,Taylor swift,evermore,2020-12-11,willow,0lx2cLdOt3piJbcaXIV74f,214706.0,74.0,https://open.spotify.com/track/0lx2cLdOt3piJbcaXIV74f,,,,,,,,
track,Taylor swift,evermore,2020-12-11,champagne problems,0sY6ZUTh4yoctD8VIXz339,244000.0,75.0,https://open.spotify.com/track/0sY6ZUTh4yoctD8VIXz339,,,,,,,,
track,Taylor swift,evermore,2020-12-11,gold rush,5BK0uqwY9DNfZ630STAEaq,185320.0,65.0,https://open.spotify.com/track/5BK0uqwY9DNfZ630STAEaq,,,,,,,,
track,Taylor swift,evermore,2020-12-11,‘tis the damn season,7dW84mWkdWE5a6lFWxJCBG,229840.0,62.0,https://open.spotify.com/track/7dW84mWkdWE5a6lFWxJCBG,,,,,,,,
track,Taylor swift,evermore,2020-12-11,tolerate it,0PurA4JVJ8YQgSVopY8fn6,245440.0,70.0,https://open.spotify.com/track/0PurA4JVJ8YQgSVopY8fn6,,,,,,,,
track,Taylor swift,evermore,2020-12-11,"no body, no crime (feat. HAIM)",3RaT22zZsxVYxxKR7TAaYF,215626.0,62.0,https://open.spotify.com/track/3RaT22zZsxVYxxKR7TAaYF,,,,,,,,
track,Taylor swift,evermore,2020-12-11,happiness,73YUReisjb3A9ActdLLjJQ,315146.0,63.0,https://open.spotify.com/track/73YUReisjb3A9ActdLLjJQ,,,,,,,,
track,Taylor swift,evermore,2020-12-11,dorothea,670fUmXf4KQekzbEgaXyPA,225880.0,61.0,https://open.spotify.com/track/670fUmXf4KQekzbEgaXyPA,,,,,,,,
track,Taylor swift,evermore,2020-12-11,coney island (feat. The National),3k7ne7VmH43ZPWxPdvPUgR,275320.0,58.0,https://open.spotify.com/track/3k7ne7VmH43ZPWxPdvPUgR,,,,,,,,
track,Taylor swift,evermore,2020-12-11,ivy,19CSr8rwW05VJL2F91KFNK,260440.0,64.0,https://open.spotify.com/track/19CSr8rwW05VJL2F91KFNK,,,,,,,,
track,Taylor swift,evermore,2020-12-11,cowboy like me,1XjHRolIXL2M1EEOUsGGR4,275040.0,65.0,https://open.spotify.com/track/1XjHRolIXL2M1EEOUsGGR4,,,,,,,,
track,Taylor swift,evermore,2020-12-11,long story short,2o2sgVJIgFXk8GQjWTgI6U,215920.0,59.0,https://open.spotify.com/track/2o2sgVJIgFXk8GQjWTgI6U,,,,,,,,
track,Taylor swift,evermore,2020-12-11,marjorie,12ntTeqEeTg7GAVpe8Mhpl,257773.0,63.0,https://open.spotify.com/track/12ntTeqEeTg7GAVpe8Mhpl,,,,,,,,
track,Taylor swift,evermore,2020-12-11,closure,35rdVq36LMHQX0Suw9a6tK,180653.0,55.0,https://open.spotify.com/track/35rdVq36LMHQX0Suw9a6tK,,,,,,,,
track,Taylor swift,evermore,2020-12-11,evermore (feat. Bon Iver),3O5osWf1rSoKMwe6E9ZaXP,304106.0,61.0,https://open.spotify.com/track/3O5osWf1rSoKMwe6E9ZaXP,,,,,,,,
track,Taylor swift,folklore: the long pond studio sessions (from the Disney+ special) [deluxe edition],2020-11-25,the 1,0P9wLFurlgumLXuqFEpw52,210240.0,47.0,https://open.spotify.com/track/0P9wLFurlgumLXuqFEpw52,,,,,,,,
track,Taylor swift,folklore: the long pond studio sessions (from the Disney+ special) [deluxe edition],2020-11-25,cardigan,7zcnlq38eqNWyUF6eNaB5Z,239560.0,48.0,https://open.spotify.com/track/7zcnlq38eqNWyUF6eNaB5Z,,,,,,,,
track,Taylor swift,folklore: the long pond studio sessions (from the Disney+ special) [deluxe edition],2020-11-25,the last great american dynasty,4ojxSyrEraN7d46BMBPThZ,231000.0,45.0,https://open.spotify.com/track/4ojxSyrEraN7d46BMBPThZ,,,,,,,,
track,Taylor swift,folklore: the long pond studio sessions (from the Disney+ special) [deluxe edition],2020-11-25,exile (feat. Bon Iver),6kz2hkq1xQvDqPcUyBkw8f,285640.0,48.0,https://open.spotify.com/track/6kz2hkq1xQvDqPcUyBkw8f,,,,,,,,
track,Taylor swift,folklore: the long pond studio sessions (from the Disney+ special) [deluxe edition],2020-11-25,my tears ricochet,0Oju1YcbPCJuUQQWoZNdJK,255893.0,47.0,https://open.spotify.com/track/0Oju1YcbPCJuUQQWoZNdJK,,,,,,,,
track,Taylor swift,folklore: the long pond studio sessions (from the Disney+ special) [deluxe edition],2020-11-25,mirrorball,5jQyGzcwqAxwT5QUIMivoX,208973.0,45.0,https://open.spotify.com/track/5jQyGzcwqAxwT5QUIMivoX,,,,,,,,
track,Taylor swift,folklore: the long pond studio sessions (from the Disney+ special) [deluxe edition],2020-11-25,seven,2vJ7QvyCiR4DaHxwO58izA,208906.0,44.0,https://open.spotify.com/track/2vJ7QvyCiR4DaHxwO58izA,,,,,,,,
track,Taylor swift,folklore: the long pond studio sessions (from the Disney+ special) [deluxe edition],2020-11-25,august,1UHoF9p75IVsvUt6WdTYhn,261920.0,47.0,https://open.spotify.com/track/1UHoF9p75IVsvUt6WdTYhn,,,,,,,,
track,Taylor swift,folklore: the long pond studio sessions (from the Disney+ special) [deluxe edition],2020-11-25,this is me trying,5DnDBYrfGoxdnomqEAkFIv,195106.0,45.0,https://open.spotify.com/track/5DnDBYrfGoxdnomqEAkFIv,,,,,,,,
track,Taylor swift,folklore: the long pond studio sessions (from the Disney+ special) [deluxe edition],2020-11-25,illicit affairs,7CVTowKpGPA2MsIbkTl2oc,190893.0,45.0,https://open.spotify.com/track/7CVTowKpGPA2MsIbkTl2oc,,,,,,,,
track,Taylor swift,folklore: the long pond studio sessions (from the Disney+ special) [deluxe edition],2020-11-25,invisible string,4WHIqhrbdva5vQSrCuet3l,252880.0,45.0,https://open.spotify.com/track/4WHIqhrbdva5vQSrCuet3l,,,,,,,,
track,Taylor swift,folklore: the long pond studio sessions (from the Disney+ special) [deluxe edition],2020-11-25,mad woman,7klXN6RCN5Rj0VeYO5gBzU,237266.0,43.0,https://open.spotify.com/track/7klXN6RCN5Rj0VeYO5gBzU,,,,,,,,
track,Taylor swift,folklore: the long pond studio sessions (from the Disney+ special) [deluxe edition],2020-11-25,epiphany,5MFjHn1qfR9AsWuyzJLk1z,289746.0,42.0,https://open.spotify.com/track/5MFjHn1qfR9AsWuyzJLk1z,,,,,,,,
track,Taylor swift,folklore: the long pond studio sessions (from the Disney+ special) [deluxe edition],2020-11-25,betty,2jhfs6moEAK13eLM6xim4l,294520.0,43.0,https://open.spotify.com/track/2jhfs6moEAK13eLM6xim4l,,,,,,,,
track,Taylor swift,folklore: the long pond studio sessions (from the Disney+ special) [deluxe edition],2020-11-25,peace,0O9i6jhscByEJs1ipy5hu4,234000.0,43.0,https://open.spotify.com/track/0O9i6jhscByEJs1ipy5hu4,,,,,,,,
track,Taylor swift,folklore: the long pond studio sessions (from the Disney+ special) [deluxe edition],2020-11-25,hoax,4XCYmu7QLySdIahgBALKJK,220040.0,42.0,https://open.spotify.com/track/4XCYmu7QLySdIahgBALKJK,,,,,,,,
track,Taylor swift,folklore: the long pond studio sessions (from the Disney+ special) [deluxe edition],2020-11-25,the lakes - bonus track,0zEprKYeuGOIZoHyu6O1E2,211813.0,43.0,https://open.spotify.com/track/0zEprKYeuGOIZoHyu6O1E2,,,,,,,,
track,Taylor swift,folklore: the long pond studio sessions (from the Disney+ special) [deluxe edition],2020-11-25,the 1 - the long pond studio sessions,08J4bMHbILkwSIhbtrcvjN,219893.0,53.0,https://open.spotify.com/track/08J4bMHbILkwSIhbtrcvjN,,,,,,,,
track,Taylor swift,folklore: the long pond studio sessions (from the Disney+ special) [deluxe edition],2020-11-25,cardigan - the long pond studio sessions,3EPgWM1zfTSzEc0z4AwWTM,230680.0,58.0,https://open.spotify.com/track/3EPgWM1zfTSzEc0z4AwWTM,,,,,,,,
track,Taylor swift,folklore: the long pond studio sessions (from the Disney+ special) [deluxe edition],2020-11-25,the last great american dynasty - the long pond studio sessions,28tIMaewZuGR8urkvFhQyA,232346.0,51.0,https://open.spotify.com/track/28tIMaewZuGR8urkvFhQyA,,,,,,,,
track,Taylor swift,folklore (deluxe version),2020-08-18,the 1,4pfrrhvplbJZAIsfosGWQP,210240.0,66.0,https://open.spotify.com/track/4pfrrhvplbJZAIsfosGWQP,,,,,,,,
track,Taylor swift,folklore (deluxe version),2020-08-18,cardigan,0KRYCBwIpWYFNrXOmXbyUh,239560.0,68.0,https://open.spotify.com/track/0KRYCBwIpWYFNrXOmXbyUh,,,,,,,,
track,Taylor swift,folklore (deluxe version),2020-08-18,the last great american dynasty,2olxzvoFI9IpxqFeUv7WOX,231000.0,64.0,https://open.spotify.com/track/2olxzvoFI9IpxqFeUv7WOX,,,,,,,,
track,Taylor swift,folklore (deluxe version),2020-08-18,exile (feat. Bon Iver),5S4aYQAJOwJMAamANWlICO,285640.0,67.0,https://open.spotify.com/track/5S4aYQAJOwJMAamANWlICO,,,,,,,,
track,Taylor swift,folklore (deluxe version),2020-08-18,my tears ricochet,5P2bHCDM2tsgIaYWsZMhu5,255893.0,66.0,https://open.spotify.com/track/5P2bHCDM2tsgIaYWsZMhu5,,,,,,,,
track,Taylor swift,folklore (deluxe version),2020-08-18,mirrorball,2I8YAEA1VmCuP1wkJHMpTw,208973.0,64.0,https://open.spotify.com/track/2I8YAEA1VmCuP1wkJHMpTw,,,,,,,,
track,Taylor swift,folklore (deluxe version),2020-08-18,seven,76mOLcXOjOEhyY4mMF1l3r,208906.0,64.0,https://open.spotify.com/track/76mOLcXOjOEhyY4mMF1l3r,,,,,,,,
track,Taylor swift,folklore (deluxe version),2020-08-18,august,6nK2pIKFcRc5frrZKHgsiT,261920.0,66.0,https://open.spotify.com/track/6nK2pIKFcRc5frrZKHgsiT,,,,,,,,
track,Taylor swift,folklore (deluxe version),2020-08-18,this is me trying,7cm50Lw03k6VvRauJtkyTj,195106.0,65.0,https://open.spotify.com/track/7cm50Lw03k6VvRauJtkyTj,,,,,,,,
track,Taylor swift,folklore (deluxe version),2020-08-18,illicit affairs,6DrLROM5MG9bxWHeEG5elq,190893.0,64.0,https://open.spotify.com/track/6DrLROM5MG9bxWHeEG5elq,,,,,,,,
track,Taylor swift,folklore (deluxe version),2020-08-18,invisible string,2ehRU518I0hYqMGQnk4lDY,252880.0,64.0,https://open.spotify.com/track/2ehRU518I0hYqMGQnk4lDY,,,,,,,,
track,Taylor swift,folklore (deluxe version),2020-08-18,mad woman,0RP1kqoSPkVXsKiQNhMKzV,237266.0,62.0,https://open.spotify.com/track/0RP1kqoSPkVXsKiQNhMKzV,,,,,,,,
track,Taylor swift,folklore (deluxe version),2020-08-18,epiphany,1EXa37LpSvi3OQ9UYQ28rD,289746.0,61.0,https://open.spotify.com/track/1EXa37LpSvi3OQ9UYQ28rD,,,,,,,,
track,Taylor swift,folklore (deluxe version),2020-08-18,betty,3IhtE4fkytdrtEfV34UzkD,294520.0,63.0,https://open.spotify.com/track/3IhtE4fkytdrtEfV34UzkD,,,,,,,,
track,Taylor swift,folklore (deluxe version),2020-08-18,peace,6JlI8Ay77m4nJvZTHvfT1J,234000.0,62.0,https://open.spotify.com/track/6JlI8Ay77m4nJvZTHvfT1J,,,,,,,,
track,Taylor swift,folklore (deluxe version),2020-08-18,hoax,0YeDG5HnKnG7jpArkzsSPa,220040.0,61.0,https://open.spotify.com/track/0YeDG5HnKnG7jpArkzsSPa,,,,,,,,
track,Taylor swift,folklore (deluxe version),2020-08-18,the lakes - bonus track,0eFQWVz0qIxDOvhLpZ40P7,211813.0,65.0,https://open.spotify.com/track/0eFQWVz0qIxDOvhLpZ40P7,,,,,,,,
track,Taylor swift,folklore,2020-07-24,the 1,0Jlcvv8IykzHaSmj49uNW8,210251.0,77.0,https://open.spotify.com/track/0Jlcvv8IykzHaSmj49uNW8,,,,,,,,
track,Taylor swift,folklore,2020-07-24,cardigan,4R2kfaDFhslZEMJqAFNpdd,239560.0,86.0,https://open.spotify.com/track/4R2kfaDFhslZEMJqAFNpdd,,,,,,,,
track,Taylor swift,folklore,2020-07-24,the last great american dynasty,2Eeur20xVqfUoM3Q7EFPFt,230999.0,70.0,https://open.spotify.com/track/2Eeur20xVqfUoM3Q7EFPFt,,,,,,,,
track,Taylor swift,folklore,2020-07-24,exile (feat. Bon Iver),4pvb0WLRcMtbPGmtejJJ6y,285634.0,81.0,https://open.spotify.com/track/4pvb0WLRcMtbPGmtejJJ6y,,,,,,,,
track,Taylor swift,folklore,2020-07-24,my tears ricochet,1MgV7FIyNxIG7WzMRJV5HC,255893.0,81.0,https://open.spotify.com/track/1MgV7FIyNxIG7WzMRJV5HC,,,,,,,,
track,Taylor swift,folklore,2020-07-24,mirrorball,0ZNU020wNYvgW84iljPkPP,208977.0,74.0,https://open.spotify.com/track/0ZNU020wNYvgW84iljPkPP,,,,,,,,
track,Taylor swift,folklore,2020-07-24,seven,6KJqZcs9XDgVck7Lg9QOTC,208906.0,69.0,https://open.spotify.com/track/6KJqZcs9XDgVck7Lg9QOTC,,,,,,,,
track,Taylor swift,folklore,2020-07-24,august,3hUxzQpSfdDqwM3ZTFQY0K,261922.0,88.0,https://open.spotify.com/track/3hUxzQpSfdDqwM3ZTFQY0K,,,,,,,,
track,Taylor swift,folklore,2020-07-24,this is me trying,7kt9e9LFSpN1zQtYEl19o1,195097.0,75.0,https://open.spotify.com/track/7kt9e9LFSpN1zQtYEl19o1,,,,,,,,
track,Taylor swift,folklore,2020-07-24,illicit affairs,2NmsngXHeC1GQ9wWrzhOMf,190898.0,75.0,https://open.spotify.com/track/2NmsngXHeC1GQ9wWrzhOMf,,,,,,,,
track,Taylor swift,folklore,2020-07-24,invisible string,6VsvKPJ4xjVNKpI8VVZ3SV,252880.0,75.0,https://open.spotify.com/track/6VsvKPJ4xjVNKpI8VVZ3SV,,,,,,,,
track,Taylor swift,folklore,2020-07-24,mad woman,2QDyYdZyhlP2fp79KZX8Bi,237258.0,65.0,https://open.spotify.com/track/2QDyYdZyhlP2fp79KZX8Bi,,,,,,,,
track,Taylor swift,folklore,2020-07-24,epiphany,08fa9LFcFBTcilB3iq2e2A,289749.0,64.0,https://open.spotify.com/track/08fa9LFcFBTcilB3iq2e2A,,,,,,,,
track,Taylor swift,folklore,2020-07-24,betty,5kI4eCXXzyuIUXjQra0Cxi,294521.0,69.0,https://open.spotify.com/track/5kI4eCXXzyuIUXjQra0Cxi,,,,,,,,
track,Taylor swift,folklore,2020-07-24,peace,7MbT4I8qGntX4fMdqMQgke,234000.0,65.0,https://open.spotify.com/track/7MbT4I8qGntX4fMdqMQgke,,,,,,,,
track,Taylor swift,folklore,2020-07-24,hoax,6MWoRt97mnSTXZhu3ggi9C,220042.0,65.0,https://open.spotify.com/track/6MWoRt97mnSTXZhu3ggi9C,,,,,,,,
track,Taylor swift,Lover,2019-08-23,I Forgot That You Existed,43rA71bccXFGD4C8GOpIlN,170640.0,71.0,https://open.spotify.com/track/43rA71bccXFGD4C8GOpIlN,,,,,,,,
track,Taylor swift,Lover,2019-08-23,Cruel Summer,1BxfuPKGuaTgP7aM0Bbdwr,178426.0,88.0,https://open.spotify.com/track/1BxfuPKGuaTgP7aM0Bbdwr,,,,,,,,
track,Taylor swift,Lover,2019-08-23,Lover,1dGr1c8CrMLDpV6mPbImSI,221306.0,85.0,https://open.spotify.com/track/1dGr1c8CrMLDpV6mPbImSI,,,,,,,,
track,Taylor swift,Lover,2019-08-23,The Man,3RauEVgRgj1IuWdJ9fDs70,190360.0,77.0,https://open.spotify.com/track/3RauEVgRgj1IuWdJ9fDs70,,,,,,,,
track,Taylor swift,Lover,2019-08-23,The Archer,3pHkh7d0lzM2AldUtz2x37,211240.0,75.0,https://open.spotify.com/track/3pHkh7d0lzM2AldUtz2x37,,,,,,,,
track,Taylor swift,Lover,2019-08-23,I Think He Knows,2YWtcWi3a83pdEg3Gif4Pd,173386.0,69.0,https://open.spotify.com/track/2YWtcWi3a83pdEg3Gif4Pd,,,,,,,,
track,Taylor swift,Lover,2019-08-23,Miss Americana & The Heartbreak Prince,214nt20w5wOxJnY462klLw,234146.0,75.0,https://open.spotify.com/track/214nt20w5wOxJnY462klLw,,,,,,,,
track,Taylor swift,Lover,2019-08-23,Paper Rings,4y5bvROuBDPr5fuwXbIBZR,222400.0,77.0,https://open.spotify.com/track/4y5bvROuBDPr5fuwXbIBZR,,,,,,,,
track,Taylor swift,Lover,2019-08-23,Cornelia Street,12M5uqx0ZuwkpLp5rJim1a,287266.0,73.0,https://open.spotify.com/track/12M5uqx0ZuwkpLp5rJim1a,,,,,,,,
track,Taylor swift,Lover,2019-08-23,Death By A Thousand Cuts,2dgFqt3w9xIQRjhPtwNk3D,198533.0,71.0,https://open.spotify.com/track/2dgFqt3w9xIQRjhPtwNk3D,,,,,,,,
track,Taylor swift,Lover,2019-08-23,London Boy,1LLXZFeAHK9R4xUramtUKw,190240.0,72.0,https://open.spotify.com/track/1LLXZFeAHK9R4xUramtUKw,,,,,,,,
track,Taylor swift,Lover,2019-08-23,Soon You’ll Get Better (feat. The Chicks),4AYtqFyFbX0Xkc2wtcygTr,201586.0,64.0,https://open.spotify.com/track/4AYtqFyFbX0Xkc2wtcygTr,,,,,,,,
track,Taylor swift,Lover,2019-08-23,False God,5hQSXkFgbxjZo9uCwd11so,200306.0,78.0,https://open.spotify.com/track/5hQSXkFgbxjZo9uCwd11so,,,,,,,,
track,Taylor swift,Lover,2019-08-23,You Need To Calm Down,6RRNNciQGZEXnqk8SQ9yv5,171360.0,77.0,https://open.spotify.com/track/6RRNNciQGZEXnqk8SQ9yv5,,,,,,,,
track,Taylor swift,Lover,2019-08-23,Afterglow,1SymEzIT3H8UZfibCs3TYi,223293.0,74.0,https://open.spotify.com/track/1SymEzIT3H8UZfibCs3TYi,,,,,,,,
track,Taylor swift,Lover,2019-08-23,ME! (feat. Brendon Urie of Panic! At The Disco),2Rk4JlNc2TPmZe2af99d45,193000.0,73.0,https://open.spotify.com/track/2Rk4JlNc2TPmZe2af99d45,,,,,,,,
track,Taylor swift,Lover,2019-08-23,It’s Nice To Have A Friend,1SmiQ65iSAbPto6gPFlBYm,150440.0,63.0,https://open.spotify.com/track/1SmiQ65iSAbPto6gPFlBYm,,,,,,,,
track,Taylor swift,Lover,2019-08-23,Daylight,1fzAuUVbzlhZ1lJAx9PtY6,293453.0,82.0,https://open.spotify.com/track/1fzAuUVbzlhZ1lJAx9PtY6,,,,,,,,
track,Taylor swift,Taylor Swift Karaoke: reputation,2018-03-09,...Ready For It? - Karaoke Version,4twNUyTpLMPWokYmCdFDCH,207173.0,31.0,https://open.spotify.com/track/4twNUyTpLMPWokYmCdFDCH,,,,,,,,
track,Taylor swift,Taylor Swift Karaoke: reputation,2018-03-09,End Game - Karaoke Version,4cag67C3v9ToeFivUwDUsE,243826.0,26.0,https://open.spotify.com/track/4cag67C3v9ToeFivUwDUsE,,,,,,,,
track,Taylor swift,Taylor Swift Karaoke: reputation,2018-03-09,I Did Something Bad - Karaoke Version,2hecdut2HWM5JMHqLTWThq,238253.0,26.0,https://open.spotify.com/track/2hecdut2HWM5JMHqLTWThq,,,,,,,,
track,Taylor swift,Taylor Swift Karaoke: reputation,2018-03-09,Don't Blame Me - Karaoke Version,5JtXBqKLdfzwedmlUjjqAm,236413.0,29.0,https://open.spotify.com/track/5JtXBqKLdfzwedmlUjjqAm,,,,,,,,
track,Taylor swift,Taylor Swift Karaoke: reputation,2018-03-09,Delicate - Karaoke Version,5Iadj8IBPrt634WW0yGPRI,232253.0,29.0,https://open.spotify.com/track/5Iadj8IBPrt634WW0yGPRI,,,,,,,,
track,Taylor swift,Taylor Swift Karaoke: reputation,2018-03-09,Look What You Made Me Do - Karaoke Version,1zz0XSmHCFd57ne04UAp38,211200.0,28.0,https://open.spotify.com/track/1zz0XSmHCFd57ne04UAp38,,,,,,,,
track,Taylor swift,Taylor Swift Karaoke: reputation,2018-03-09,So It Goes... - Karaoke Version,5oJUjUsBZcqyEhOdpif37h,227906.0,24.0,https://open.spotify.com/track/5oJUjUsBZcqyEhOdpif37h,,,,,,,,
track,Taylor swift,Taylor Swift Karaoke: reputation,2018-03-09,Gorgeous - Karaoke Version,3ZHTwJzCNDFvjLpVQiqpH6,209680.0,25.0,https://open.spotify.com/track/3ZHTwJzCNDFvjLpVQiqpH6,,,,,,,,
track,Taylor swift,Taylor Swift Karaoke: reputation,2018-03-09,Getaway Car - Karaoke Version,7bdyzcQ0onk60hfsxDCd2X,233626.0,26.0,https://open.spotify.com/track/7bdyzcQ0onk60hfsxDCd2X,,,,,,,,
track,Taylor swift,Taylor Swift Karaoke: reputation,2018-03-09,King Of My Heart - Karaoke Version,5EsfyTD26nlVQ0DtYo16uJ,214333.0,24.0,https://open.spotify.com/track/5EsfyTD26nlVQ0DtYo16uJ,,,,,,,,
track,Taylor swift,Taylor Swift Karaoke: reputation,2018-03-09,Dancing With Our Hands Tied - Karaoke Version,3ZfvKQxJp4zZshiJsRPoD1,211493.0,25.0,https://open.spotify.com/track/3ZfvKQxJp4zZshiJsRPoD1,,,,,,,,
track,Taylor swift,Taylor Swift Karaoke: reputation,2018-03-09,Dress - Karaoke Version,2k0w1FGqvzVPgQ9VdTaJpe,230386.0,25.0,https://open.spotify.com/track/2k0w1FGqvzVPgQ9VdTaJpe,,,,,,,,
track,Taylor swift,Taylor Swift Karaoke: reputation,2018-03-09,This Is Why We Can't Have Nice Things - Karaoke Version,0MtU9ETYyVX8YPBDCYPdMb,205693.0,23.0,https://open.spotify.com/track/0MtU9ETYyVX8YPBDCYPdMb,,,,,,,,
track,Taylor swift,Taylor Swift Karaoke: reputation,2018-03-09,Call It What You Want - Karaoke Version,1VPHQriwOsy5aGHLwwZyho,202173.0,28.0,https://open.spotify.com/track/1VPHQriwOsy5aGHLwwZyho,,,,,,,,
track,Taylor swift,Taylor Swift Karaoke: reputation,2018-03-09,New Year's Day - Karaoke Version,13tYZVTtzLUJTlM7m1ivbi,235506.0,24.0,https://open.spotify.com/track/13tYZVTtzLUJTlM7m1ivbi,,,,,,,,
track,Taylor swift,reputation,2017-11-10,...Ready For It?,2yLa0QULdQr0qAIvVwN6B5,208186.0,80.0,https://open.spotify.com/track/2yLa0QULdQr0qAIvVwN6B5,,,,,,,,
track,Taylor swift,reputation,2017-11-10,End Game,2x0WlnmfG39ZuDmstl9xfX,244826.0,75.0,https://open.spotify.com/track/2x0WlnmfG39ZuDmstl9xfX,,,,,,,,
track,Taylor swift,reputation,2017-11-10,I Did Something Bad,4svZDCRz4cJoneBpjpx8DJ,238253.0,74.0,https://open.spotify.com/track/4svZDCRz4cJoneBpjpx8DJ,,,,,,,,
track,Taylor swift,reputation,2017-11-10,Don’t Blame Me,1R0a2iXumgCiFb7HEZ7gUE,236413.0,83.0,https://open.spotify.com/track/1R0a2iXumgCiFb7HEZ7gUE,,,,,,,,
track,Taylor swift,reputation,2017-11-10,Delicate,6NFyWDv5CjfwuzoCkw47Xf,232253.0,82.0,https://open.spotify.com/track/6NFyWDv5CjfwuzoCkw47Xf,,,,,,,,
track,Taylor swift,reputation,2017-11-10,Look What You Made Me Do,1P17dC1amhFzptugyAO7Il,211853.0,79.0,https://open.spotify.com/track/1P17dC1amhFzptugyAO7Il,,,,,,,,
track,Taylor swift,reputation,2017-11-10,So It Goes...,5PxFv9yJEg9dxvbZggykro,227906.0,69.0,https://open.spotify.com/track/5PxFv9yJEg9dxvbZggykro,,,,,,,,
track,Taylor swift,reputation,2017-11-10,Gorgeous,1ZY1PqizIl78geGM4xWlEA,209680.0,75.0,https://open.spotify.com/track/1ZY1PqizIl78geGM4xWlEA,,,,,,,,
track,Taylor swift,reputation,2017-11-10,Getaway Car,0VE4kBnHJUgtMf0dy6DRmW,233626.0,80.0,https://open.spotify.com/track/0VE4kBnHJUgtMf0dy6DRmW,,,,,,,,
track,Taylor swift,reputation,2017-11-10,King Of My Heart,7HuBDWi18s4aJM8UFnNheH,214320.0,73.0,https://open.spotify.com/track/7HuBDWi18s4aJM8UFnNheH,,,,,,,,
track,Taylor swift,reputation,2017-11-10,Dancing With Our Hands Tied,7I7JbDv63ZJJsSi24DyJrz,211506.0,72.0,https://open.spotify.com/track/7I7JbDv63ZJJsSi24DyJrz,,,,,,,,
track,Taylor swift,reputation,2017-11-10,Dress,6oVxXO5oQ4pTpO8RSnkzvv,230373.0,77.0,https://open.spotify.com/track/6oVxXO5oQ4pTpO8RSnkzvv,,,,,,,,
track,Taylor swift,reputation,2017-11-10,This Is Why We Can't Have Nice Things,07NxDD1iKCHbAldceD7QLP,207133.0,68.0,https://open.spotify.com/track/07NxDD1iKCHbAldceD7QLP,,,,,,,,
track,Taylor swift,reputation,2017-11-10,Call It What You Want,1GwMQaZz6Au3QLDbjbMdme,203506.0,77.0,https://open.spotify.com/track/1GwMQaZz6Au3QLDbjbMdme,,,,,,,,
track,Taylor swift,reputation,2017-11-10,New Year’s Day,7F5oktn5YOsR9eR5YsFtqb,235466.0,69.0,https://open.spotify.com/track/7F5oktn5YOsR9eR5YsFtqb,,,,,,,,
track,Taylor swift,reputation Stadium Tour Surprise Song Playlist,2017-11-09,All Too Well,00vJzaoxM3Eja1doBUhX0P,329160.0,34.0,https://open.spotify.com/track/00vJzaoxM3Eja1doBUhX0P,,,,,,,,
track,Taylor swift,reputation Stadium Tour Surprise Song Playlist,2017-11-09,Wildest Dreams,22C0JIVhFaczZ4t9heqREN,220440.0,38.0,https://open.spotify.com/track/22C0JIVhFaczZ4t9heqREN,,,,,,,,
track,Taylor swift,reputation Stadium Tour Surprise Song Playlist,2017-11-09,The Best Day,7APTsjmZbj7TFXQJAiRti4,246306.0,29.0,https://open.spotify.com/track/7APTsjmZbj7TFXQJAiRti4,,,,,,,,
track,Taylor swift,reputation Stadium Tour Surprise Song Playlist,2017-11-09,Red,4V9NuhKQcUFt4cgbynHV79,223093.0,33.0,https://open.spotify.com/track/4V9NuhKQcUFt4cgbynHV79,,,,,,,,
track,Taylor swift,reputation Stadium Tour Surprise Song Playlist,2017-11-09,Holy Ground,4hCZk6WJBFQeG3P7WsyntI,202960.0,30.0,https://open.spotify.com/track/4hCZk6WJBFQeG3P7WsyntI,,,,,,,,
track,Taylor swift,reputation Stadium Tour Surprise Song Playlist,2017-11-09,Teardrops On My Guitar - Radio Single Remix,7eGeUVeCEvEQrivmjl9Qn3,204706.0,30.0,https://open.spotify.com/track/7eGeUVeCEvEQrivmjl9Qn3,,,,,,,,
track,Taylor swift,reputation Stadium Tour Surprise Song Playlist,2017-11-09,Our Song,7qGr3rjRhndRIpFUA5f2HJ,203440.0,34.0,https://open.spotify.com/track/7qGr3rjRhndRIpFUA5f2HJ,,,,,,,,
track,Taylor swift,reputation Stadium Tour Surprise Song Playlist,2017-11-09,22,2P5gfMtCcKP0CkmgqFMyPg,232120.0,34.0,https://open.spotify.com/track/2P5gfMtCcKP0CkmgqFMyPg,,,,,,,,
track,Taylor swift,reputation Stadium Tour Surprise Song Playlist,2017-11-09,I Knew You Were Trouble.,2o2IVjuqRkR9hJxtPjtAP0,219720.0,36.0,https://open.spotify.com/track/2o2IVjuqRkR9hJxtPjtAP0,,,,,,,,
track,Taylor swift,reputation Stadium Tour Surprise Song Playlist,2017-11-09,I Don’t Wanna Live Forever (Fifty Shades Darker),55n9yjI6qqXh5F2mYvUc2y,247160.0,81.0,https://open.spotify.com/track/55n9yjI6qqXh5F2mYvUc2y,,,,,,,,
track,Taylor swift,reputation Stadium Tour Surprise Song Playlist,2017-11-09,Mean,5rcHBt2aNcGFWW0jaAUe1L,238693.0,32.0,https://open.spotify.com/track/5rcHBt2aNcGFWW0jaAUe1L,,,,,,,,
track,Taylor swift,reputation Stadium Tour Surprise Song Playlist,2017-11-09,How You Get The Girl,3aSYZ4upQ6OSNos26YeVWL,247533.0,32.0,https://open.spotify.com/track/3aSYZ4upQ6OSNos26YeVWL,,,,,,,,
track,Taylor swift,reputation Stadium Tour Surprise Song Playlist,2017-11-09,So It Goes...,41T04yafZVrjNq2FqvLtId,227906.0,54.0,https://open.spotify.com/track/41T04yafZVrjNq2FqvLtId,,,,,,,,
track,Taylor swift,reputation Stadium Tour Surprise Song Playlist,2017-11-09,Fifteen,0H2UD0LfSCiRr59YMGlCuS,295320.0,29.0,https://open.spotify.com/track/0H2UD0LfSCiRr59YMGlCuS,,,,,,,,
track,Taylor swift,reputation Stadium Tour Surprise Song Playlist,2017-11-09,Mine,6FmJKLpyCt42nP2IOVEVc2,231866.0,36.0,https://open.spotify.com/track/6FmJKLpyCt42nP2IOVEVc2,,,,,,,,
track,Taylor swift,reputation Stadium Tour Surprise Song Playlist,2017-11-09,Sparks Fly,5h2sBwpUSAndjObfU3ti2r,262920.0,31.0,https://open.spotify.com/track/5h2sBwpUSAndjObfU3ti2r,,,,,,,,
track,Taylor swift,reputation Stadium Tour Surprise Song Playlist,2017-11-09,State Of Grace,0YRGTdfmJPALpglAaraYUr,295720.0,28.0,https://open.spotify.com/track/0YRGTdfmJPALpglAaraYUr,,,,,,,,
track,Taylor swift,reputation Stadium Tour Surprise Song Playlist,2017-11-09,Haunted,6CB7DczrX9ZJB9Wkjegmaq,245413.0,31.0,https://open.spotify.com/track/6CB7DczrX9ZJB9Wkjegmaq,,,,,,,,
track,Taylor swift,reputation Stadium Tour Surprise Song Playlist,2017-11-09,Never Grow Up,1UPDfqsVIZLEiZeMuUsni2,292920.0,31.0,https://open.spotify.com/track/1UPDfqsVIZLEiZeMuUsni2,,,,,,,,
track,Taylor swift,reputation Stadium Tour Surprise Song Playlist,2017-11-09,Treacherous,0r3U7SOcoj4DIEyN44Lt5z,242760.0,27.0,https://open.spotify.com/track/0r3U7SOcoj4DIEyN44Lt5z,,,,,,,,
track,Taylor swift,1989 (Deluxe Edition),2014-10-27,Welcome To New York,33Kq0AT5rvwyE4azisG08x,212600.0,48.0,https://open.spotify.com/track/33Kq0AT5rvwyE4azisG08x,,,,,,,,
track,Taylor swift,1989 (Deluxe Edition),2014-10-27,Blank Space,2sC2P3BN0IXujNaaSyDmtP,231826.0,52.0,https://open.spotify.com/track/2sC2P3BN0IXujNaaSyDmtP,,,,,,,,
track,Taylor swift,1989 (Deluxe Edition),2014-10-27,Style,1fo2ctLqj3zBhRQKOXprol,231000.0,55.0,https://open.spotify.com/track/1fo2ctLqj3zBhRQKOXprol,,,,,,,,
track,Taylor swift,1989 (Deluxe Edition),2014-10-27,Out Of The Woods,6Nde5KuTXyB7jlPO4upaBo,235800.0,51.0,https://open.spotify.com/track/6Nde5KuTXyB7jlPO4upaBo,,,,,,,,
track,Taylor swift,1989 (Deluxe Edition),2014-10-27,All You Had To Do Was Stay,0lmMtDQ2ElasKU2qDAE6NN,193293.0,49.0,https://open.spotify.com/track/0lmMtDQ2ElasKU2qDAE6NN,,,,,,,,
track,Taylor swift,1989 (Deluxe Edition),2014-10-27,Shake It Off,3fthfkkvy9av3q3uAGVf7U,219200.0,51.0,https://open.spotify.com/track/3fthfkkvy9av3q3uAGVf7U,,,,,,,,
track,Taylor swift,1989 (Deluxe Edition),2014-10-27,I Wish You Would,1B5VzXPqMlvRw0U4HJY3dJ,207440.0,53.0,https://open.spotify.com/track/1B5VzXPqMlvRw0U4HJY3dJ,,,,,,,,
track,Taylor swift,1989 (Deluxe Edition),2014-10-27,Bad Blood,0yN4fNzmVnmgC0dsOoi9Wh,211933.0,48.0,https://open.spotify.com/track/0yN4fNzmVnmgC0dsOoi9Wh,,,,,,,,
track,Taylor swift,1989 (Deluxe Edition),2014-10-27,Wildest Dreams,106R7Z57WYzBAfrXImV30y,220440.0,50.0,https://open.spotify.com/track/106R7Z57WYzBAfrXImV30y,,,,,,,,
track,Taylor swift,1989 (Deluxe Edition),2014-10-27,How You Get The Girl,6wfugRLamFsTRbPcCpNnP7,247533.0,58.0,https://open.spotify.com/track/6wfugRLamFsTRbPcCpNnP7,,,,,,,,
track,Taylor swift,1989 (Deluxe Edition),2014-10-27,This Love,1kTPQnabROVkW9bUXdCGrB,250093.0,50.0,https://open.spotify.com/track/1kTPQnabROVkW9bUXdCGrB,,,,,,,,
track,Taylor swift,1989 (Deluxe Edition),2014-10-27,I Know Places,2zfgVd034GlUvk7LqBHl6u,195706.0,50.0,https://open.spotify.com/track/2zfgVd034GlUvk7LqBHl6u,,,,,,,,
track,Taylor swift,1989 (Deluxe Edition),2014-10-27,Clean,4bXCcoesMt8u99xMsbLr9U,271000.0,54.0,https://open.spotify.com/track/4bXCcoesMt8u99xMsbLr9U,,,,,,,,
track,Taylor swift,1989 (Deluxe Edition),2014-10-27,Wonderland,6iWMI5oOhWrDbLbjmwTWFq,245560.0,57.0,https://open.spotify.com/track/6iWMI5oOhWrDbLbjmwTWFq,,,,,,,,
track,Taylor swift,1989 (Deluxe Edition),2014-10-27,You Are In Love,4A2LfnduSTsE8u0ecYROxE,267106.0,55.0,https://open.spotify.com/track/4A2LfnduSTsE8u0ecYROxE,,,,,,,,
track,Taylor swift,1989 (Deluxe Edition),2014-10-27,New Romantics,6rZVy6FIG7lSJQMFXHo12z,230466.0,64.0,https://open.spotify.com/track/6rZVy6FIG7lSJQMFXHo12z,,,,,,,,
track,Taylor swift,1989 (Deluxe Edition),2014-10-27,I Know Places - Voice Memo,4JQm7ebhsrt10wmrP6AfXL,216333.0,36.0,https://open.spotify.com/track/4JQm7ebhsrt10wmrP6AfXL,,,,,,,,
track,Taylor swift,1989 (Deluxe Edition),2014-10-27,I Wish You Would - Voice Memo,4TtyvyI42C0KFnbDZvNC8Y,107133.0,34.0,https://open.spotify.com/track/4TtyvyI42C0KFnbDZvNC8Y,,,,,,,,
track,Taylor swift,1989 (Deluxe Edition),2014-10-27,Blank Space - Voice Memo,0yisH8r0f3Mkq34kjzUlCV,131186.0,35.0,https://open.spotify.com/track/0yisH8r0f3Mkq34kjzUlCV,,,,,,,,
track,Taylor swift,1989,2014-10-27,Welcome To New York,6qnM0XXPZOINWA778uNqQ9,212600.0,61.0,https://open.spotify.com/track/6qnM0XXPZOINWA778uNqQ9,,,,,,,,
track,Taylor swift,1989,2014-10-27,Blank Space,1p80LdxRV74UKvL8gnD7ky,231826.0,75.0,https://open.spotify.com/track/1p80LdxRV74UKvL8gnD7ky,,,,,,,,
track,Taylor swift,1989,2014-10-27,Style,4lIxdJw6W3Fg4vUIYCB0S5,231000.0,75.0,https://open.spotify.com/track/4lIxdJw6W3Fg4vUIYCB0S5,,,,,,,,
track,Taylor swift,1989,2014-10-27,Out Of The Woods,5OndtwLGA9O6XHFcGm2H7r,235800.0,58.0,https://open.spotify.com/track/5OndtwLGA9O6XHFcGm2H7r,,,,,,,,
track,Taylor swift,1989,2014-10-27,All You Had To Do Was Stay,0dAb8TY433dl3ZfXYCLE19,193293.0,61.0,https://open.spotify.com/track/0dAb8TY433dl3ZfXYCLE19,,,,,,,,
track,Taylor swift,1989,2014-10-27,Shake It Off,5xTtaWoae3wi06K5WfVUUH,219200.0,73.0,https://open.spotify.com/track/5xTtaWoae3wi06K5WfVUUH,,,,,,,,
track,Taylor swift,1989,2014-10-27,I Wish You Would,3wmN11qXGL0HyPojvEE1D9,207440.0,45.0,https://open.spotify.com/track/3wmN11qXGL0HyPojvEE1D9,,,,,,,,
track,Taylor swift,1989,2014-10-27,Bad Blood,273dCMFseLcVsoSWx59IoE,211933.0,67.0,https://open.spotify.com/track/273dCMFseLcVsoSWx59IoE,,,,,,,,
track,Taylor swift,1989,2014-10-27,Wildest Dreams,59HjlYCeBsxdI0fcm3zglw,220440.0,67.0,https://open.spotify.com/track/59HjlYCeBsxdI0fcm3zglw,,,,,,,,
track,Taylor swift,1989,2014-10-27,How You Get The Girl,4dYUOfmWna6DFccnz732n8,247533.0,46.0,https://open.spotify.com/track/4dYUOfmWna6DFccnz732n8,,,,,,,,
track,Taylor swift,1989,2014-10-27,This Love,3oKMl2tJv4fdidkXUYMI5x,250093.0,44.0,https://open.spotify.com/track/3oKMl2tJv4fdidkXUYMI5x,,,,,,,,
track,Taylor swift,1989,2014-10-27,I Know Places,3jBMHD19RZdAqG9iFQh7xc,195706.0,44.0,https://open.spotify.com/track/3jBMHD19RZdAqG9iFQh7xc,,,,,,,,
track,Taylor swift,1989,2014-10-27,Clean,06WgOCf0LV2h4keYXDRnuh,271000.0,46.0,https://open.spotify.com/track/06WgOCf0LV2h4keYXDRnuh,,,,,,,,
track,Taylor swift,Red (Deluxe Edition),2012-10-22,State Of Grace,5zyCYmiaVE5y26EZuwZbsw,295186.0,47.0,https://open.spotify.com/track/5zyCYmiaVE5y26EZuwZbsw,,,,,,,,
track,Taylor swift,Red (Deluxe Edition),2012-10-22,Red,1RvQQGwaPipiNgz8RXAKA8,220826.0,52.0,https://open.spotify.com/track/1RvQQGwaPipiNgz8RXAKA8,,,,,,,,
track,Taylor swift,Red (Deluxe Edition),2012-10-22,Treacherous,0XfOV7qY3834QpFVwOb6CC,240773.0,45.0,https://open.spotify.com/track/0XfOV7qY3834QpFVwOb6CC,,,,,,,,
track,Taylor swift,Red (Deluxe Edition),2012-10-22,I Knew You Were Trouble.,0ciHz919LVKoH4zgxyMPZ9,217973.0,52.0,https://open.spotify.com/track/0ciHz919LVKoH4zgxyMPZ9,,,,,,,,
track,Taylor swift,Red (Deluxe Edition),2012-10-22,All Too Well,1q3RiD1tIWUpGsNFADMlvl,327893.0,52.0,https://open.spotify.com/track/1q3RiD1tIWUpGsNFADMlvl,,,,,,,,
track,Taylor swift,Red (Deluxe Edition),2012-10-22,22,3bIxTsfeNMO7Nt2J3EUKrA,230133.0,54.0,https://open.spotify.com/track/3bIxTsfeNMO7Nt2J3EUKrA,,,,,,,,
track,Taylor swift,Red (Deluxe Edition),2012-10-22,I Almost Do,31pEV5lPJi7btskZoUr2yu,242573.0,45.0,https://open.spotify.com/track/31pEV5lPJi7btskZoUr2yu,,,,,,,,
track,Taylor swift,Red (Deluxe Edition),2012-10-22,We Are Never Ever Getting Back Together,1OYARuagDrpgNNQ4loO1Cs,191880.0,48.0,https://open.spotify.com/track/1OYARuagDrpgNNQ4loO1Cs,,,,,,,,
track,Taylor swift,Red (Deluxe Edition),2012-10-22,Stay Stay Stay,1x0J8LFX23d5h1zzuzZorc,204826.0,44.0,https://open.spotify.com/track/1x0J8LFX23d5h1zzuzZorc,,,,,,,,
track,Taylor swift,Red (Deluxe Edition),2012-10-22,The Last Time,7vvIpJZye5cRR6De1LKM0m,298293.0,46.0,https://open.spotify.com/track/7vvIpJZye5cRR6De1LKM0m,,,,,,,,
track,Taylor swift,Red (Deluxe Edition),2012-10-22,Holy Ground,5d2Kn9oAAh9S2EbyCo1i52,201853.0,47.0,https://open.spotify.com/track/5d2Kn9oAAh9S2EbyCo1i52,,,,,,,,
track,Taylor swift,Red (Deluxe Edition),2012-10-22,Sad Beautiful Tragic,5QKhg4r4Ibt0LVTmWEXTEg,283680.0,44.0,https://open.spotify.com/track/5QKhg4r4Ibt0LVTmWEXTEg,,,,,,,,
track,Taylor swift,Red (Deluxe Edition),2012-10-22,The Lucky One,2wtHlpYSgC7xEdD3DrSHNL,240133.0,43.0,https://open.spotify.com/track/2wtHlpYSgC7xEdD3DrSHNL,,,,,,,,
track,Taylor swift,Red (Deluxe Edition),2012-10-22,Everything Has Changed,7gdwoOmi258QJq0hmQ4hto,243933.0,45.0,https://open.spotify.com/track/7gdwoOmi258QJq0hmQ4hto,,,,,,,,
track,Taylor swift,Red (Deluxe Edition),2012-10-22,Starlight,0vqI4ZIMuifeKeItGiWbPj,217826.0,43.0,https://open.spotify.com/track/0vqI4ZIMuifeKeItGiWbPj,,,,,,,,
track,Taylor swift,Red (Deluxe Edition),2012-10-22,Begin Again,48A0aShHlovDfTMucMrE66,237613.0,44.0,https://open.spotify.com/track/48A0aShHlovDfTMucMrE66,,,,,,,,
track,Taylor swift,Red (Deluxe Edition),2012-10-22,The Moment I Knew,5AsmAjBSSQjRPWgAYIp8tm,285560.0,43.0,https://open.spotify.com/track/5AsmAjBSSQjRPWgAYIp8tm,,,,,,,,
track,Taylor swift,Red (Deluxe Edition),2012-10-22,Come Back...Be Here,4qyalTRMRH5YuEntvvMvq0,222706.0,46.0,https://open.spotify.com/track/4qyalTRMRH5YuEntvvMvq0,,,,,,,,
track,Taylor swift,Red (Deluxe Edition),2012-10-22,Girl At Home,6cf6rLb8qcklvJv90W6HCW,220320.0,42.0,https://open.spotify.com/track/6cf6rLb8qcklvJv90W6HCW,,,,,,,,
track,Taylor swift,Red (Deluxe Edition),2012-10-22,Treacherous - Original Demo Recording,7BT9K9BDqq6HI2oWH5UMZQ,239720.0,39.0,https://open.spotify.com/track/7BT9K9BDqq6HI2oWH5UMZQ,,,,,,,,
track,Taylor swift,Red,2012-10-22,State Of Grace,786NsUYn4GGUf8AOt0SQhP,295186.0,47.0,https://open.spotify.com/track/786NsUYn4GGUf8AOt0SQhP,,,,,,,,
track,Taylor swift,Red,2012-10-22,Red,0cITLOYn1Sv4q27zZPqlNK,220826.0,64.0,https://open.spotify.com/track/0cITLOYn1Sv4q27zZPqlNK,,,,,,,,
track,Taylor swift,Red,2012-10-22,Treacherous,5kYFVSQoPu7yRpfiHBwMUk,240773.0,47.0,https://open.spotify.com/track/5kYFVSQoPu7yRpfiHBwMUk,,,,,,,,
track,Taylor swift,Red,2012-10-22,I Knew You Were Trouble.,72jCZdH0Lhg93z6Z4hBjgj,217973.0,73.0,https://open.spotify.com/track/72jCZdH0Lhg93z6Z4hBjgj,,,,,,,,
track,Taylor swift,Red,2012-10-22,All Too Well,4XMP3zVxrnr58T0tjIHvpR,327893.0,50.0,https://open.spotify.com/track/4XMP3zVxrnr58T0tjIHvpR,,,,,,,,
track,Taylor swift,Red,2012-10-22,22,2ULNeSomDxVNmdDy8VxEBU,230133.0,61.0,https://open.spotify.com/track/2ULNeSomDxVNmdDy8VxEBU,,,,,,,,
track,Taylor swift,Red,2012-10-22,I Almost Do,5VwFkx7JOimOGTYfha5rs1,242573.0,45.0,https://open.spotify.com/track/5VwFkx7JOimOGTYfha5rs1,,,,,,,,
track,Taylor swift,Red,2012-10-22,We Are Never Ever Getting Back Together,7AEAGTc8cReDqcbPoY9gwo,191880.0,69.0,https://open.spotify.com/track/7AEAGTc8cReDqcbPoY9gwo,,,,,,,,
track,Taylor swift,Red,2012-10-22,Stay Stay Stay,1qLeEu4iXEclkLwoBlMiou,204826.0,46.0,https://open.spotify.com/track/1qLeEu4iXEclkLwoBlMiou,,,,,,,,
track,Taylor swift,Red,2012-10-22,The Last Time,3n9mzjgAzjyKawvbHzciXF,298293.0,45.0,https://open.spotify.com/track/3n9mzjgAzjyKawvbHzciXF,,,,,,,,
track,Taylor swift,Red,2012-10-22,Holy Ground,1fGsZsIkQkOspfsT24nQP6,201853.0,46.0,https://open.spotify.com/track/1fGsZsIkQkOspfsT24nQP6,,,,,,,,
track,Taylor swift,Red,2012-10-22,Sad Beautiful Tragic,6LKjHhOW1az75pCQ9XJJtF,283680.0,44.0,https://open.spotify.com/track/6LKjHhOW1az75pCQ9XJJtF,,,,,,,,
track,Taylor swift,Red,2012-10-22,The Lucky One,2X2J0BhxaLTmnxO4pPUhSd,240133.0,45.0,https://open.spotify.com/track/2X2J0BhxaLTmnxO4pPUhSd,,,,,,,,
track,Taylor swift,Red,2012-10-22,Everything Has Changed,4NAmRvqSITAAzKWnC8yRq3,243933.0,54.0,https://open.spotify.com/track/4NAmRvqSITAAzKWnC8yRq3,,,,,,,,
track,Taylor swift,Red,2012-10-22,Starlight,7MecVsMj22MneZt7kVFaCr,217826.0,44.0,https://open.spotify.com/track/7MecVsMj22MneZt7kVFaCr,,,,,,,,
track,Taylor swift,Red,2012-10-22,Begin Again,0L4YCNRfXAoTvdpWeH2RGj,237613.0,56.0,https://open.spotify.com/track/0L4YCNRfXAoTvdpWeH2RGj,,,,,,,,
track,Taylor swift,Speak Now World Tour Live,2010-10-25,Sparks Fly - Live/2011,1aBJNc2thaKyh5THWzIqHX,336826.0,42.0,https://open.spotify.com/track/1aBJNc2thaKyh5THWzIqHX,,,,,,,,
track,Taylor swift,Speak Now World Tour Live,2010-10-25,Mine - Live/2011,7yndkPYP6YQQLBpPsizDfh,259279.0,40.0,https://open.spotify.com/track/7yndkPYP6YQQLBpPsizDfh,,,,,,,,
track,Taylor swift,Speak Now World Tour Live,2010-10-25,The Story Of Us - Live,72GIZuUXo14oyrS0si3Rgc,290520.0,41.0,https://open.spotify.com/track/72GIZuUXo14oyrS0si3Rgc,,,,,,,,
track,Taylor swift,Speak Now World Tour Live,2010-10-25,Mean - Live/2011,7mFiEij8AXPUZB7aKLbUlQ,246373.0,40.0,https://open.spotify.com/track/7mFiEij8AXPUZB7aKLbUlQ,,,,,,,,
track,Taylor swift,Speak Now World Tour Live,2010-10-25,Ours - Live/2011,68QyrSzpnoU04AAhE5z8lj,245973.0,39.0,https://open.spotify.com/track/68QyrSzpnoU04AAhE5z8lj,,,,,,,,
track,Taylor swift,Speak Now World Tour Live,2010-10-25,Back To December/Apologize/You're Not Sorry - Live/2011/Medley,1IsquhJFJ0qcFZI7FeAEuN,362826.0,46.0,https://open.spotify.com/track/1IsquhJFJ0qcFZI7FeAEuN,,,,,,,,
track,Taylor swift,Speak Now World Tour Live,2010-10-25,Better Than Revenge - Live/2011,6505MLhnqTDDg4tjoUz2Wp,344573.0,42.0,https://open.spotify.com/track/6505MLhnqTDDg4tjoUz2Wp,,,,,,,,
track,Taylor swift,Speak Now World Tour Live,2010-10-25,Speak Now - Live/2011,3QFB14MOUf3imlyISNmrbT,248146.0,40.0,https://open.spotify.com/track/3QFB14MOUf3imlyISNmrbT,,,,,,,,
track,Taylor swift,Speak Now World Tour Live,2010-10-25,Last Kiss - Live/2011,6hH37tyeRdyan1mAppmVor,369066.0,41.0,https://open.spotify.com/track/6hH37tyeRdyan1mAppmVor,,,,,,,,
track,Taylor swift,Speak Now World Tour Live,2010-10-25,Drops Of Jupiter - Live/2011,0BSmbCIY36iw04azzJ3S0S,315173.0,46.0,https://open.spotify.com/track/0BSmbCIY36iw04azzJ3S0S,,,,,,,,
track,Taylor swift,Speak Now World Tour Live,2010-10-25,Bette Davis Eyes - Live/2011,6KF9xd2hBLuexrmBX4vUWD,189146.0,44.0,https://open.spotify.com/track/6KF9xd2hBLuexrmBX4vUWD,,,,,,,,
track,Taylor swift,Speak Now World Tour Live,2010-10-25,I Want You Back - Live/2011,4KB3zBArZ1rHRExilzycaV,83253.0,41.0,https://open.spotify.com/track/4KB3zBArZ1rHRExilzycaV,,,,,,,,
track,Taylor swift,Speak Now World Tour Live,2010-10-25,Dear John - Live/2011,4DbI1rr4IQ2bc8nejy9ttd,404680.0,41.0,https://open.spotify.com/track/4DbI1rr4IQ2bc8nejy9ttd,,,,,,,,
track,Taylor swift,Speak Now World Tour Live,2010-10-25,Enchanted - Live/2011,3lm4L3pPL32PFy74dR17OR,389213.0,42.0,https://open.spotify.com/track/3lm4L3pPL32PFy74dR17OR,,,,,,,,
track,Taylor swift,Speak Now World Tour Live,2010-10-25,Haunted - Live/2011,6znB7YZhMJT2B83zfbiyLq,292426.0,43.0,https://open.spotify.com/track/6znB7YZhMJT2B83zfbiyLq,,,,,,,,
track,Taylor swift,Speak Now World Tour Live,2010-10-25,Long Live - Live/2011,5QkzyLUb4ggojNDp8G2OxX,376466.0,41.0,https://open.spotify.com/track/5QkzyLUb4ggojNDp8G2OxX,,,,,,,,
track,Taylor swift,Speak Now (Deluxe Edition),2010-10-25,Mine,6LZaxlycSWrJZ4Volb25qx,230706.0,46.0,https://open.spotify.com/track/6LZaxlycSWrJZ4Volb25qx,,,,,,,,
track,Taylor swift,Speak Now (Deluxe Edition),2010-10-25,Sparks Fly,1q8E1FfFuhd12c5JcJwPxQ,260933.0,47.0,https://open.spotify.com/track/1q8E1FfFuhd12c5JcJwPxQ,,,,,,,,
track,Taylor swift,Speak Now (Deluxe Edition),2010-10-25,Back To December,7lxADouiWFkwR7ZV2GKUcH,293026.0,46.0,https://open.spotify.com/track/7lxADouiWFkwR7ZV2GKUcH,,,,,,,,
track,Taylor swift,Speak Now (Deluxe Edition),2010-10-25,Speak Now,1nYWTzy5zu3zEPNgB1sItW,240760.0,44.0,https://open.spotify.com/track/1nYWTzy5zu3zEPNgB1sItW,,,,,,,,
track,Taylor swift,Speak Now (Deluxe Edition),2010-10-25,Dear John,1ubvV5ECkm6nSI6g1HmbBK,403920.0,51.0,https://open.spotify.com/track/1ubvV5ECkm6nSI6g1HmbBK,,,,,,,,
track,Taylor swift,Speak Now (Deluxe Edition),2010-10-25,Mean,4N60XfcTE1ysLZGbYgnYXq,237733.0,46.0,https://open.spotify.com/track/4N60XfcTE1ysLZGbYgnYXq,,,,,,,,
track,Taylor swift,Speak Now (Deluxe Edition),2010-10-25,The Story Of Us,19tHCfzUSoy5HkpxcmbA0A,265666.0,45.0,https://open.spotify.com/track/19tHCfzUSoy5HkpxcmbA0A,,,,,,,,
track,Taylor swift,Speak Now (Deluxe Edition),2010-10-25,Never Grow Up,74WBGgUnpKrJXt6TETfR6Z,290466.0,48.0,https://open.spotify.com/track/74WBGgUnpKrJXt6TETfR6Z,,,,,,,,
track,Taylor swift,Speak Now (Deluxe Edition),2010-10-25,Enchanted,14LtANuaslKWyYbktUrHBU,352186.0,47.0,https://open.spotify.com/track/14LtANuaslKWyYbktUrHBU,,,,,,,,
track,Taylor swift,Speak Now (Deluxe Edition),2010-10-25,Better Than Revenge,1By2VQkUN0Frd8mKNV5NYC,217160.0,59.0,https://open.spotify.com/track/1By2VQkUN0Frd8mKNV5NYC,,,,,,,,
track,Taylor swift,Speak Now (Deluxe Edition),2010-10-25,Innocent,3kfgJql90tzgoxByioAMXR,302253.0,41.0,https://open.spotify.com/track/3kfgJql90tzgoxByioAMXR,,,,,,,,
track,Taylor swift,Speak Now (Deluxe Edition),2010-10-25,Haunted,11UaQaEp2LvdspTyyuE3ur,242080.0,46.0,https://open.spotify.com/track/11UaQaEp2LvdspTyyuE3ur,,,,,,,,
track,Taylor swift,Speak Now (Deluxe Edition),2010-10-25,Last Kiss,1D27z8xNzjW0Mwwt1NCWhJ,367133.0,45.0,https://open.spotify.com/track/1D27z8xNzjW0Mwwt1NCWhJ,,,,,,,,
track,Taylor swift,Speak Now (Deluxe Edition),2010-10-25,Long Live,7DjCRhhFo9PPzca1BjMLcf,317453.0,44.0,https://open.spotify.com/track/7DjCRhhFo9PPzca1BjMLcf,,,,,,,,
track,Taylor swift,Speak Now (Deluxe Edition),2010-10-25,Ours,1EQn3Uc5AyUXoiPLeyCrrg,237920.0,48.0,https://open.spotify.com/track/1EQn3Uc5AyUXoiPLeyCrrg,,,,,,,,
track,Taylor swift,Speak Now (Deluxe Edition),2010-10-25,If This Was A Movie,0vvt4IZOMkRug195S4MUq0,234546.0,47.0,https://open.spotify.com/track/0vvt4IZOMkRug195S4MUq0,,,,,,,,
track,Taylor swift,Speak Now (Deluxe Edition),2010-10-25,Superman,2R7C9dDqv1UPycvepBFziA,275960.0,44.0,https://open.spotify.com/track/2R7C9dDqv1UPycvepBFziA,,,,,,,,
track,Taylor swift,Speak Now (Deluxe Edition),2010-10-25,Back To December - Acoustic,6IH2Z54gYPLqgJtxZjX80i,292560.0,45.0,https://open.spotify.com/track/6IH2Z54gYPLqgJtxZjX80i,,,,,,,,
track,Taylor swift,Speak Now (Deluxe Edition),2010-10-25,Haunted - Acoustic Version,62rlxI6g2PNaWsHoiRryto,217613.0,45.0,https://open.spotify.com/track/62rlxI6g2PNaWsHoiRryto,,,,,,,,
track,Taylor swift,Speak Now (Deluxe Edition),2010-10-25,Mine - POP Mix,0fAbfDiuQiUwV7FUcFfRGY,230333.0,41.0,https://open.spotify.com/track/0fAbfDiuQiUwV7FUcFfRGY,,,,,,,,
track,Taylor swift,Speak Now,2010-10-25,Mine,0dBW6ZsW8skfvoRfgeerBF,230706.0,57.0,https://open.spotify.com/track/0dBW6ZsW8skfvoRfgeerBF,,,,,,,,
track,Taylor swift,Speak Now,2010-10-25,Sparks Fly,6d9IiDcFxtFVIvt9pCqyGH,260933.0,56.0,https://open.spotify.com/track/6d9IiDcFxtFVIvt9pCqyGH,,,,,,,,
track,Taylor swift,Speak Now,2010-10-25,Back To December,3DrjZArsPsoqbLzUZZV1Id,293026.0,64.0,https://open.spotify.com/track/3DrjZArsPsoqbLzUZZV1Id,,,,,,,,
track,Taylor swift,Speak Now,2010-10-25,Speak Now,24DefNCFiWTP8OjYWiXuYe,240760.0,50.0,https://open.spotify.com/track/24DefNCFiWTP8OjYWiXuYe,,,,,,,,
track,Taylor swift,Speak Now,2010-10-25,Dear John,7hZuICN5eaCuQyp443RCt6,403920.0,50.0,https://open.spotify.com/track/7hZuICN5eaCuQyp443RCt6,,,,,,,,
track,Taylor swift,Speak Now,2010-10-25,Mean,5yEPktRqvIhko5QFF3aBhQ,237733.0,62.0,https://open.spotify.com/track/5yEPktRqvIhko5QFF3aBhQ,,,,,,,,
track,Taylor swift,Speak Now,2010-10-25,The Story Of Us,3RBluWmSoG2pGA1OePzGJI,265666.0,53.0,https://open.spotify.com/track/3RBluWmSoG2pGA1OePzGJI,,,,,,,,
track,Taylor swift,Speak Now,2010-10-25,Never Grow Up,1wJL1A0QUHJPf2cm7tsrdw,290466.0,49.0,https://open.spotify.com/track/1wJL1A0QUHJPf2cm7tsrdw,,,,,,,,
track,Taylor swift,Speak Now,2010-10-25,Enchanted,10eBRyImhfqVvkiVEGf0N0,352186.0,64.0,https://open.spotify.com/track/10eBRyImhfqVvkiVEGf0N0,,,,,,,,
track,Taylor swift,Speak Now,2010-10-25,Better Than Revenge,2ythurkTtSiyfK7GprJoFW,217160.0,62.0,https://open.spotify.com/track/2ythurkTtSiyfK7GprJoFW,,,,,,,,
track,Taylor swift,Speak Now,2010-10-25,Innocent,5GPwN5iZ9ZMSXAkppj4Uvv,302253.0,44.0,https://open.spotify.com/track/5GPwN5iZ9ZMSXAkppj4Uvv,,,,,,,,
track,Taylor swift,Speak Now,2010-10-25,Haunted,28M2gifMU282QBM3fKajIS,242080.0,52.0,https://open.spotify.com/track/28M2gifMU282QBM3fKajIS,,,,,,,,
track,Taylor swift,Speak Now,2010-10-25,Last Kiss,4h0EXpatqJImv4VRgvX6po,367133.0,53.0,https://open.spotify.com/track/4h0EXpatqJImv4VRgvX6po,,,,,,,,
track,Taylor swift,Speak Now,2010-10-25,Long Live,6XDBA3QWX51lDJ0oZbaJJN,317946.0,50.0,https://open.spotify.com/track/6XDBA3QWX51lDJ0oZbaJJN,,,,,,,,
track,Taylor swift,Fearless Platinum Edition,2008-11-11,Jump Then Fall,08gavXombT6KR0af88i9tA,237066.0,44.0,https://open.spotify.com/track/08gavXombT6KR0af88i9tA,,,,,,,,
track,Taylor swift,Fearless Platinum Edition,2008-11-11,Untouchable,2IZ00ed83ygPIiacYScWUE,311040.0,43.0,https://open.spotify.com/track/2IZ00ed83ygPIiacYScWUE,,,,,,,,
track,Taylor swift,Fearless Platinum Edition,2008-11-11,Forever & Always - Piano Version,46HGgtwmmuEB8mvDCyjyAc,267506.0,43.0,https://open.spotify.com/track/46HGgtwmmuEB8mvDCyjyAc,,,,,,,,
track,Taylor swift,Fearless Platinum Edition,2008-11-11,Come In With The Rain,4pl5zcqCv4vc3cB7M4MZ6f,238106.0,43.0,https://open.spotify.com/track/4pl5zcqCv4vc3cB7M4MZ6f,,,,,,,,
track,Taylor swift,Fearless Platinum Edition,2008-11-11,SuperStar,14Bljc3pOOG0xQX3wqhLN9,261453.0,41.0,https://open.spotify.com/track/14Bljc3pOOG0xQX3wqhLN9,,,,,,,,
track,Taylor swift,Fearless Platinum Edition,2008-11-11,The Other Side Of The Door,0xvsgzM8AtBtRHZm5rav8A,237600.0,44.0,https://open.spotify.com/track/0xvsgzM8AtBtRHZm5rav8A,,,,,,,,
track,Taylor swift,Fearless Platinum Edition,2008-11-11,Fearless,3F6czr26ZwGU5O5CHY04Ma,242000.0,44.0,https://open.spotify.com/track/3F6czr26ZwGU5O5CHY04Ma,,,,,,,,
track,Taylor swift,Fearless Platinum Edition,2008-11-11,Fifteen,3M0w3fhdXByHLCNAoi5c9G,294346.0,43.0,https://open.spotify.com/track/3M0w3fhdXByHLCNAoi5c9G,,,,,,,,
track,Taylor swift,Fearless Platinum Edition,2008-11-11,Love Story,0kN3oXYWWAk1uC0y2WoyOE,235280.0,49.0,https://open.spotify.com/track/0kN3oXYWWAk1uC0y2WoyOE,,,,,,,,
track,Taylor swift,Fearless Platinum Edition,2008-11-11,Hey Stephen,6wcFdMmiDscAhZJrcVFumx,254320.0,42.0,https://open.spotify.com/track/6wcFdMmiDscAhZJrcVFumx,,,,,,,,
track,Taylor swift,Fearless Platinum Edition,2008-11-11,White Horse,4jPtq9shRdUv8Zjr0a5xkD,234440.0,43.0,https://open.spotify.com/track/4jPtq9shRdUv8Zjr0a5xkD,,,,,,,,
track,Taylor swift,Fearless Platinum Edition,2008-11-11,You Belong With Me,3as6Wz3mwbTnusWhZjTUNr,231146.0,50.0,https://open.spotify.com/track/3as6Wz3mwbTnusWhZjTUNr,,,,,,,,
track,Taylor swift,Fearless Platinum Edition,2008-11-11,Breathe,6S9G7J3EB1ZY0rrZPwsBg5,263986.0,41.0,https://open.spotify.com/track/6S9G7J3EB1ZY0rrZPwsBg5,,,,,,,,
track,Taylor swift,Fearless Platinum Edition,2008-11-11,Tell Me Why,4XrP7vKBjKLEYlRZdb0Ygr,200560.0,40.0,https://open.spotify.com/track/4XrP7vKBjKLEYlRZdb0Ygr,,,,,,,,
track,Taylor swift,Fearless Platinum Edition,2008-11-11,You're Not Sorry,6HWYtS215rxaaMjvpyG18W,261800.0,41.0,https://open.spotify.com/track/6HWYtS215rxaaMjvpyG18W,,,,,,,,
track,Taylor swift,Fearless Platinum Edition,2008-11-11,The Way I Loved You,77VotUUL79U10TAnYdqwvr,244240.0,43.0,https://open.spotify.com/track/77VotUUL79U10TAnYdqwvr,,,,,,,,
track,Taylor swift,Fearless Platinum Edition,2008-11-11,Forever & Always,1zxrcAk6eiytfavqriMcKT,225333.0,42.0,https://open.spotify.com/track/1zxrcAk6eiytfavqriMcKT,,,,,,,,
track,Taylor swift,Fearless Platinum Edition,2008-11-11,The Best Day,5YbZZ2gYfvW1UvHHF4pVaD,245346.0,40.0,https://open.spotify.com/track/5YbZZ2gYfvW1UvHHF4pVaD,,,,,,,,
track,Taylor swift,Fearless Platinum Edition,2008-11-11,Change,0RdcBnAXyH2YZZvcBVu2k6,281053.0,39.0,https://open.spotify.com/track/0RdcBnAXyH2YZZvcBVu2k6,,,,,,,,
track,Taylor swift,Fearless,2008-11-11,Fearless,6Eu31gddWw0gOGO506pJYA,241986.0,59.0,https://open.spotify.com/track/6Eu31gddWw0gOGO506pJYA,,,,,,,,
track,Taylor swift,Fearless,2008-11-11,Fifteen,4t0OI7XrODjSkAu3bTPmWj,294333.0,53.0,https://open.spotify.com/track/4t0OI7XrODjSkAu3bTPmWj,,,,,,,,
track,Taylor swift,Fearless,2008-11-11,Love Story,1vrd6UOGamcKNGnSHJQlSt,235266.0,66.0,https://open.spotify.com/track/1vrd6UOGamcKNGnSHJQlSt,,,,,,,,
track,Taylor swift,Fearless,2008-11-11,Hey Stephen,4WXzzCof26KJLTK5kK53dS,254306.0,48.0,https://open.spotify.com/track/4WXzzCof26KJLTK5kK53dS,,,,,,,,
track,Taylor swift,Fearless,2008-11-11,White Horse,6wn61Fzx9XMxQmieLpoIhW,234426.0,53.0,https://open.spotify.com/track/6wn61Fzx9XMxQmieLpoIhW,,,,,,,,
track,Taylor swift,Fearless,2008-11-11,You Belong With Me,3GCL1PydwsLodcpv0Ll1ch,231133.0,66.0,https://open.spotify.com/track/3GCL1PydwsLodcpv0Ll1ch,,,,,,,,
track,Taylor swift,Fearless,2008-11-11,Breathe,49mWEy5MgtNujgT7xU3emT,263973.0,45.0,https://open.spotify.com/track/49mWEy5MgtNujgT7xU3emT,,,,,,,,
track,Taylor swift,Fearless,2008-11-11,Tell Me Why,3rnI1UCyGJvUTVvT97VQr5,200546.0,44.0,https://open.spotify.com/track/3rnI1UCyGJvUTVvT97VQr5,,,,,,,,
track,Taylor swift,Fearless,2008-11-11,You're Not Sorry,0HmCuN0Z3OX1Qrz43FLOPL,261786.0,46.0,https://open.spotify.com/track/0HmCuN0Z3OX1Qrz43FLOPL,,,,,,,,
track,Taylor swift,Fearless,2008-11-11,The Way I Loved You,5P4wWhUYWM0IaVYLuZxdar,244226.0,54.0,https://open.spotify.com/track/5P4wWhUYWM0IaVYLuZxdar,,,,,,,,
track,Taylor swift,Fearless,2008-11-11,Forever & Always,47HtKpfzpAt8rQjjXWotFj,225320.0,48.0,https://open.spotify.com/track/47HtKpfzpAt8rQjjXWotFj,,,,,,,,
track,Taylor swift,Fearless,2008-11-11,The Best Day,3esA216TyLHEkNiBCeCmcg,245333.0,46.0,https://open.spotify.com/track/3esA216TyLHEkNiBCeCmcg,,,,,,,,
track,Taylor swift,Fearless,2008-11-11,Change,1yACRKAwlXWhXXFUSkvzhD,280240.0,42.0,https://open.spotify.com/track/1yACRKAwlXWhXXFUSkvzhD,,,,,,,,
track,Taylor swift,Live From Clear Channel Stripped 2008,2008-06-28,Love Story - Live From Clear Channel Stripped 2008,4RBKAqJ3qyvvriDG0s9IJ3,221028.0,37.0,https://open.spotify.com/track/4RBKAqJ3qyvvriDG0s9IJ3,,,,,,,,
track,Taylor swift,Live From Clear Channel Stripped 2008,2008-06-28,Fearless - Live From Clear Channel Stripped 2008,5g7RMU3cV7zXWH244BLe7G,198247.0,35.0,https://open.spotify.com/track/5g7RMU3cV7zXWH244BLe7G,,,,,,,,
track,Taylor swift,Live From Clear Channel Stripped 2008,2008-06-28,Beautiful Eyes - Live From Clear Channel Stripped 2008,4aBW31cmkA7BLColUsMEeZ,176316.0,37.0,https://open.spotify.com/track/4aBW31cmkA7BLColUsMEeZ,,,,,,,,
track,Taylor swift,Live From Clear Channel Stripped 2008,2008-06-28,Untouchable - Live From Clear Channel Stripped 2008,4MbHDiHQjhmoVAV75G04Ql,222959.0,33.0,https://open.spotify.com/track/4MbHDiHQjhmoVAV75G04Ql,,,,,,,,
track,Taylor swift,Live From Clear Channel Stripped 2008,2008-06-28,Teardrops On My Guitar - Live From Clear Channel Stripped 2008,4DjevQhsPWULcondN4mRh5,196346.0,31.0,https://open.spotify.com/track/4DjevQhsPWULcondN4mRh5,,,,,,,,
track,Taylor swift,Live From Clear Channel Stripped 2008,2008-06-28,Picture To Burn - Live From Clear Channel Stripped 2008,7EvU9pRoJ9Xs7anx0P7tEc,173899.0,31.0,https://open.spotify.com/track/7EvU9pRoJ9Xs7anx0P7tEc,,,,,,,,
track,Taylor swift,Live From Clear Channel Stripped 2008,2008-06-28,Should've Said No - Live From Clear Channel Stripped 2008,5a9hUL6ZuiagZhazwrtwHF,228473.0,31.0,https://open.spotify.com/track/5a9hUL6ZuiagZhazwrtwHF,,,,,,,,
track,Taylor swift,Live From Clear Channel Stripped 2008,2008-06-28,Change - Live From Clear Channel Stripped 2008,69o9kr9UexjzeZDE8yD8dQ,258487.0,29.0,https://open.spotify.com/track/69o9kr9UexjzeZDE8yD8dQ,,,,,,,,
track,Taylor swift,Taylor Swift,2006-10-24,Tim McGraw,0Om9WAB5RS09L80DyOfTNa,232106.0,61.0,https://open.spotify.com/track/0Om9WAB5RS09L80DyOfTNa,,,,,,,,
track,Taylor swift,Taylor Swift,2006-10-24,Picture To Burn,32mVHdy0bi1XKgr0ajsBlG,173066.0,64.0,https://open.spotify.com/track/32mVHdy0bi1XKgr0ajsBlG,,,,,,,,
track,Taylor swift,Taylor Swift,2006-10-24,Teardrops On My Guitar - Radio Single Remix,7zMcNqs55Mxer82bvZFkpg,203040.0,62.0,https://open.spotify.com/track/7zMcNqs55Mxer82bvZFkpg,,,,,,,,
track,Taylor swift,Taylor Swift,2006-10-24,A Place in this World,73OX8GdpOeGzKC6OvGSbsv,199200.0,53.0,https://open.spotify.com/track/73OX8GdpOeGzKC6OvGSbsv,,,,,,,,
track,Taylor swift,Taylor Swift,2006-10-24,Cold As You,7an1exwMnfYRcdVQm0yDev,239013.0,54.0,https://open.spotify.com/track/7an1exwMnfYRcdVQm0yDev,,,,,,,,
track,Taylor swift,Taylor Swift,2006-10-24,The Outside,2QA3IixpRcKyOdG7XDzRgv,207106.0,51.0,https://open.spotify.com/track/2QA3IixpRcKyOdG7XDzRgv,,,,,,,,
track,Taylor swift,Taylor Swift,2006-10-24,Tied Together with a Smile,6K0CJLVXqbGMeJSmJ4ENKK,248106.0,52.0,https://open.spotify.com/track/6K0CJLVXqbGMeJSmJ4ENKK,,,,,,,,
track,Taylor swift,Taylor Swift,2006-10-24,Stay Beautiful,2ZoOmCSgj0ypVAmGd1ve4y,236053.0,52.0,https://open.spotify.com/track/2ZoOmCSgj0ypVAmGd1ve4y,,,,,,,,
track,Taylor swift,Taylor Swift,2006-10-24,Should've Said No,16MVSD0mGI4RMQT83Qzm69,242200.0,61.0,https://open.spotify.com/track/16MVSD0mGI4RMQT83Qzm69,,,,,,,,
track,Taylor swift,Taylor Swift,2006-10-24,Mary's Song (Oh My My My),2QrQCMel6v2JiLxqrg4p2O,213080.0,55.0,https://open.spotify.com/track/2QrQCMel6v2JiLxqrg4p2O,,,,,,,,
track,Taylor swift,Taylor Swift,2006-10-24,Our Song,15DeqWWQB4dcEWzJg15VrN,201106.0,69.0,https://open.spotify.com/track/15DeqWWQB4dcEWzJg15VrN,,,,,,,,
track,Taylor swift,Taylor Swift,2006-10-24,I'm Only Me When I'm With You,0JIdBrXGSJXS72zjF9ss9u,213053.0,55.0,https://open.spotify.com/track/0JIdBrXGSJXS72zjF9ss9u,,,,,,,,
track,Taylor swift,Taylor Swift,2006-10-24,Invisible,5OOd01o2YS1QFwdpVLds3r,203226.0,51.0,https://open.spotify.com/track/5OOd01o2YS1QFwdpVLds3r,,,,,,,,
track,Taylor swift,Taylor Swift,2006-10-24,A Perfectly Good Heart,1spLfUJxtyVyiKKTegQ2r4,220146.0,50.0,https://open.spotify.com/track/1spLfUJxtyVyiKKTegQ2r4,,,,,,,,
track,Taylor swift,Taylor Swift,2006-10-24,Teardrops on My Guitar - Pop Version,4pJi1rVt9GNegU9kywjg4z,179066.0,52.0,https://open.spotify.com/track/4pJi1rVt9GNegU9kywjg4z,,,,,,,,
event,Taylor swift,,2025-10-01T18:00,"Tickets for TAYLOR SWIFT TRIVIA! | TicketWeb - Crescent Ballroom in Phoenix, US",,,57.54563106796117,https://www.ticketweb.com/event/taylor-swift-trivia-crescent-ballroom-tickets/13958914,Crescent Ballroom,Phoenix,1.0,19.0,10.0,55.7,🟡 Medium,Taylor Swift's intimate 2011 acoustic set at Phoen
event,Taylor swift,,2025-10-03T21:00,"Tickets for Taylor Swift Night | TicketWeb - Rick's Cafe in Starkville , US",,,57.54563106796117,https://www.ticketweb.com/event/taylor-swift-night-ricks-cafe-tickets/14544263,Rick's Cafe,Starkville ,15.83,15.83,12.0,43.0,🟡 Medium,Taylor Swift's intimate acoustic set at Rick's Caf
event,Taylor swift,,2025-10-03T21:00,"Tickets for THE TAYLOR PARTY: Taylor Swift Night | TicketWeb - Mulcahy's in Wantagh, US",,,57.54563106796117,https://www.ticketweb.com/event/the-taylor-party-taylor-swift-mulcahys-tickets/14513493,Mulcahy's,Wantagh,21.42,21.42,12.0,43.0,🟡 Medium,Taylor Swift's intimate 2006 club show at Mulcahy'
event,Taylor swift,,2025-10-04T20:00,"Tickets for THE TAYLOR PARTY: TAYLOR SWIFT NIGHT - 18+ | TicketWeb - The Parlour at The Signal in Chattanooga, US",,,57.54563106796117,https://www.ticketweb.com/event/the-taylor-party-taylor-swift-the-parlour-at-the-signal-tickets/13925424,The Parlour at The Signal,Chattanooga,28.3,28.3,13.0,42.7,🟡 Medium,Taylor Swift performs an intimate acoustic set at 
event,Taylor swift,,2025-10-04T21:30,"Tickets for Taylor Swift Night with Interstellar | TicketWeb - Chelsea’s Live in Baton Rouge, US",,,57.54563106796117,https://www.ticketweb.com/event/taylor-swift-night-with-interstellar-chelseas-live-tickets/13954004,Chelsea’s Live,Baton Rouge,15.14,15.14,13.0,42.7,🟡 Medium,Taylor Swift electrifies a Louisiana crowd with an
event,Taylor swift,,2025-10-10T21:00,"Tickets for The Taylor Party: Taylor Swift Night | TicketWeb - Music Box in San Diego, US",,,57.54563106796117,https://www.ticketweb.com/event/the-taylor-party-taylor-swift-music-box-tickets/14506293,Music Box,San Diego,14.8,14.8,19.0,40.7,🟡 Medium,Taylor Swift's intimate acoustic set at San Diego'
event,Taylor swift,,2025-11-15T21:00,"Tickets for THE TAYLOR PARTY: TAYLOR SWIFT NIGHT - 18+ | TicketWeb - Knitting Factory - Spokane in Spokane, US",,,57.54563106796117,https://www.ticketweb.com/event/the-taylor-party-taylor-swift-knitting-factory-spokane-tickets/13900824,Knitting Factory - Spokane,Spokane,31.31,31.31,55.0,28.7,🟢 Low,Taylor Swift's intimate 2006 club show in Spokane.
event,Taylor swift,,2025-12-12T19:00,"Tickets for 2nd Annual Taylor Swift Birthday Bash | TicketWeb - Thunderbird Lounge in Phoenix, US",,,57.54563106796117,https://www.ticketweb.com/event/2nd-annual-taylor-swift-birthday-thunderbird-lounge-tickets/13930254?REFERRAL_ID=tmfeed,Thunderbird Lounge,Phoenix,0.77,0.77,82.0,27.0,🟢 Low,Taylor Swift's intimate acoustic set at Phoenix's 
